[{"model": "geo_location.geolocation", "pk": 2, "fields": {"address": "Москва, пл. Киевского Вокзала, 2", "lat": "55.74464", "long": "37.56607", "request_date": "2022-08-01T15:18:54.114Z"}}, {"model": "geo_location.geolocation", "pk": 3, "fields": {"address": "Москва, Цветной бульвар, 11с2", "lat": "55.77008", "long": "37.62043", "request_date": "2022-08-01T15:18:54.493Z"}}, {"model": "geo_location.geolocation", "pk": 4, "fields": {"address": "Москва, ул. Новый Арбат, 15", "lat": "55.75214", "long": "37.59242", "request_date": "2022-08-01T15:18:54.893Z"}}, {"model": "geo_location.geolocation", "pk": 5, "fields": {"address": "Москва, ул. Театральная, 55", "lat": "55.50229", "long": "37.56461", "request_date": "2022-08-01T15:23:02.174Z"}}, {"model": "geo_location.geolocation", "pk": 7, "fields": {"address": "пер. Геологов дом 6", "lat": "51.46879", "long": "58.45932", "request_date": "2022-08-25T13:47:15.446Z"}}, {"model": "geo_location.geolocation", "pk": 8, "fields": {"address": "Лондон", "lat": "51.50735", "long": "-0.12770", "request_date": "2022-09-15T11:29:55.072Z"}}, {"model": "geo_location.geolocation", "pk": 9, "fields": {"address": "Приморско-Ахтарск", "lat": "46.04351", "long": "38.17765", "request_date": "2022-09-18T00:42:36.614Z"}}, {"model": "geo_location.geolocation", "pk": 10, "fields": {"address": "г. Москва ул. Александра Невского 77", "lat": "55.77656", "long": "37.59062", "request_date": "2022-09-20T10:40:03.001Z"}}, {"model": "geo_location.geolocation", "pk": 11, "fields": {"address": "Magadan", "lat": "59.56516", "long": "150.80859", "request_date": "2022-12-05T22:38:16.565Z"}}, {"model": "geo_location.geolocation", "pk": 12, "fields": {"address": "г. Москва ул. ул. Театральная 48", "lat": "55.50229", "long": "37.56461", "request_date": "2022-12-13T16:57:45.407Z"}}, {"model": "foodcartapp.restaurant", "pk": 1, "fields": {"name": "Star Burger Европейский", "address": "Москва, пл. Киевского Вокзала, 2", "contact_phone": "+7 (929) 680-47-58", "geo_location": 2}}, {"model": "foodcartapp.restaurant", "pk": 2, "fields": {"name": "Star Burger Цветной", "address": "Москва, Цветной бульвар, 11с2", "contact_phone": "+7 (929) 949-55-36", "geo_location": 3}}, {"model": "foodcartapp.restaurant", "pk": 3, "fields": {"name": "Star Burger Арбат", "address": "Москва, ул. Новый Арбат, 15", "contact_phone": "+7 (967) 157-44-13", "geo_location": 4}}, {"model": "foodcartapp.productcategory", "pk": 1, "fields": {"name": "Бургеры"}}, {"model": "foodcartapp.productcategory", "pk": 2, "fields": {"name": "Ролл"}}, {"model": "foodcartapp.product", "pk": 1, "fields": {"name": "Беконайзер", "category": 1, "price": "319.00", "image": "beconizer.jpg", "special_status": false, "description": "Встречай самый внушительный бургер в коллекции Бургер Кинг. Много мяса, много бекона и много сыра - все, как ты любишь, и ничего лишнего!"}}, {"model": "foodcartapp.product", "pk": 2, "fields": {"name": "Лонг Чизбургер", "category": 1, "price": "219.00", "image": "long_chiz.jpg", "special_status": false, "description": ""}}, {"model": "foodcartapp.product", "pk": 3, "fields": {"name": "Стейкхаус", "category": 1, "price": "269.00", "image": "steak.jpg", "special_status": false, "description": "Стейкхаус – это сочетание нашей фирменной, приготовленной на огне 100% говядины с ломтиками бекона и соусом «Барбекю», майонезом, листьями свежего салата, помидором и хрустящим луком на воздушной було"}}, {"model": "foodcartapp.product", "pk": 4, "fields": {"name": "Тройной Воппер", "category": 1, "price": "369.00", "image": "triple_vopper_XIiX740.jpg", "special_status": false, "description": "ВОППЕР® — это вкуснейшая приготовленная на огне 100% говядина с сочными помидорами, свежим нарезанным листовым салатом, густым майонезом, хрустящими маринованными огурчиками и свежим луком на нежной б"}}, {"model": "foodcartapp.product", "pk": 5, "fields": {"name": "Фиш Ролл", "category": 2, "price": "199.00", "image": "fish_roll.jpg", "special_status": false, "description": "Наш новый ролл с аппетитной котлеткой из филе белой рыбы, с фирменным соусом, маринованными огурчиками и хрустящим салатом. Легкое рыбное удовольствие!"}}, {"model": "foodcartapp.product", "pk": 6, "fields": {"name": "Шримп Ролл", "category": 2, "price": "209.00", "image": "shrimp_roll.jpg", "special_status": false, "description": "Легкий ролл с нежными королевскими креветками в хрустящей панировке, свежий салат Айсберг и ломтик сыра в пшеничной лепешке под фирменным соусом «Кинг». Внимание! Блюдо содержит аллергены – морепродук"}}, {"model": "foodcartapp.restaurantmenuitem", "pk": 1, "fields": {"restaurant": 1, "product": 1, "availability": true}}, {"model": "foodcartapp.restaurantmenuitem", "pk": 2, "fields": {"restaurant": 2, "product": 2, "availability": true}}, {"model": "foodcartapp.restaurantmenuitem", "pk": 3, "fields": {"restaurant": 1, "product": 3, "availability": true}}, {"model": "foodcartapp.restaurantmenuitem", "pk": 5, "fields": {"restaurant": 3, "product": 2, "availability": true}}, {"model": "foodcartapp.restaurantmenuitem", "pk": 6, "fields": {"restaurant": 3, "product": 1, "availability": true}}, {"model": "foodcartapp.restaurantmenuitem", "pk": 7, "fields": {"restaurant": 1, "product": 6, "availability": true}}, {"model": "foodcartapp.restaurantmenuitem", "pk": 8, "fields": {"restaurant": 3, "product": 6, "availability": true}}, {"model": "foodcartapp.restaurantmenuitem", "pk": 9, "fields": {"restaurant": 2, "product": 5, "availability": true}}, {"model": "foodcartapp.restaurantmenuitem", "pk": 10, "fields": {"restaurant": 1, "product": 5, "availability": true}}, {"model": "foodcartapp.restaurantmenuitem", "pk": 11, "fields": {"restaurant": 3, "product": 5, "availability": true}}, {"model": "foodcartapp.restaurantmenuitem", "pk": 12, "fields": {"restaurant": 3, "product": 4, "availability": true}}, {"model": "foodcartapp.restaurantmenuitem", "pk": 13, "fields": {"restaurant": 2, "product": 4, "availability": true}}, {"model": "foodcartapp.restaurantmenuitem", "pk": 14, "fields": {"restaurant": 1, "product": 4, "availability": true}}, {"model": "foodcartapp.order", "pk": 87, "fields": {"firstname": "Глеб Вячеславович", "lastname": "Тиунов", "phonenumber": "+79211041624", "address": "Москва, ул. Театральная, 55", "status": "new", "comment": "", "registrated_at": "2022-08-01T15:23:02Z", "called_at": null, "delivered_at": null, "payment_type": "cash", "confirmed_restaurant": 1, "geo_location": 5}}, {"model": "foodcartapp.order", "pk": 89, "fields": {"firstname": "Gleb", "lastname": "Tiunov", "phonenumber": "+79211041624", "address": "пер. Геологов дом 6", "status": "preparing", "comment": "", "registrated_at": "2022-08-25T13:47:16Z", "called_at": null, "delivered_at": null, "payment_type": "", "confirmed_restaurant": null, "geo_location": 7}}, {"model": "foodcartapp.order", "pk": 90, "fields": {"firstname": "Глеб V", "lastname": "Тиунов", "phonenumber": "+79211041624", "address": "Москва, пл. Киевского Вокзала, 2", "status": "preparing", "comment": "", "registrated_at": "2022-08-25T13:48:38Z", "called_at": null, "delivered_at": null, "payment_type": "online", "confirmed_restaurant": 1, "geo_location": 2}}, {"model": "foodcartapp.order", "pk": 91, "fields": {"firstname": "Глеб Вячеславович", "lastname": "Тиунов", "phonenumber": "+79211041624", "address": "пер. Геологов дом 6", "status": "preparing", "comment": "", "registrated_at": "2022-08-25T14:13:08Z", "called_at": null, "delivered_at": null, "payment_type": "online", "confirmed_restaurant": 1, "geo_location": 7}}, {"model": "foodcartapp.order", "pk": 92, "fields": {"firstname": "Василий", "lastname": "Васильевич", "phonenumber": "+79123456789", "address": "Лондон", "status": "new", "comment": "", "registrated_at": "2022-09-15T11:29:55.512Z", "called_at": null, "delivered_at": null, "payment_type": "", "confirmed_restaurant": null, "geo_location": 8}}, {"model": "foodcartapp.order", "pk": 93, "fields": {"firstname": "Василий", "lastname": "Васильевич", "phonenumber": "+79123456789", "address": "Лондон", "status": "new", "comment": "", "registrated_at": "2022-09-15T11:30:20.185Z", "called_at": null, "delivered_at": null, "payment_type": "", "confirmed_restaurant": null, "geo_location": 8}}, {"model": "foodcartapp.order", "pk": 94, "fields": {"firstname": "Василий", "lastname": "Васильевич", "phonenumber": "+79123456789", "address": "Лондон", "status": "new", "comment": "", "registrated_at": "2022-09-15T11:30:42.521Z", "called_at": null, "delivered_at": null, "payment_type": "", "confirmed_restaurant": null, "geo_location": 8}}, {"model": "foodcartapp.order", "pk": 95, "fields": {"firstname": "Глеб Вячеславович", "lastname": "Тиунов", "phonenumber": "+79211041624", "address": "пер. Геологов дом 6", "status": "new", "comment": "", "registrated_at": "2022-09-15T11:36:54.489Z", "called_at": null, "delivered_at": null, "payment_type": "", "confirmed_restaurant": null, "geo_location": 7}}, {"model": "foodcartapp.order", "pk": 96, "fields": {"firstname": "Gold", "lastname": "Goldishka", "phonenumber": "+79211041624", "address": "Приморско-Ахтарск", "status": "new", "comment": "", "registrated_at": "2022-09-18T00:42:37.076Z", "called_at": null, "delivered_at": null, "payment_type": "", "confirmed_restaurant": null, "geo_location": 9}}, {"model": "foodcartapp.order", "pk": 97, "fields": {"firstname": "Nika", "lastname": "Jopa", "phonenumber": "+79211041624", "address": "г. Москва ул. Александра Невского 77", "status": "new", "comment": "", "registrated_at": "2022-09-20T10:40:03.560Z", "called_at": null, "delivered_at": null, "payment_type": "", "confirmed_restaurant": null, "geo_location": 10}}, {"model": "foodcartapp.order", "pk": 98, "fields": {"firstname": "Глеб Вячеславович", "lastname": "Lothric", "phonenumber": "+79211041624", "address": "Magadan", "status": "new", "comment": "", "registrated_at": "2022-12-05T22:38:17.022Z", "called_at": null, "delivered_at": null, "payment_type": "", "confirmed_restaurant": null, "geo_location": 11}}, {"model": "foodcartapp.order", "pk": 99, "fields": {"firstname": "Наталья", "lastname": "Никутина", "phonenumber": "+79212649454", "address": "г. Москва ул. ул. Театральная 48", "status": "new", "comment": "", "registrated_at": "2022-12-13T16:57:45.936Z", "called_at": null, "delivered_at": null, "payment_type": "", "confirmed_restaurant": null, "geo_location": 12}}, {"model": "foodcartapp.order", "pk": 100, "fields": {"firstname": "Глеб Вячеславович", "lastname": "Тиунов", "phonenumber": "+79211041624", "address": "пер. Геологов дом 6", "status": "new", "comment": "", "registrated_at": "2023-01-12T14:01:20.720Z", "called_at": null, "delivered_at": null, "payment_type": "", "confirmed_restaurant": null, "geo_location": 7}}, {"model": "foodcartapp.order", "pk": 101, "fields": {"firstname": "Глеб Вячеславович", "lastname": "Тиунов", "phonenumber": "+79211041624", "address": "пер. Геологов дом 6", "status": "new", "comment": "", "registrated_at": "2023-01-12T14:05:15.229Z", "called_at": null, "delivered_at": null, "payment_type": "", "confirmed_restaurant": null, "geo_location": 7}}, {"model": "foodcartapp.orderingproduct", "pk": 74, "fields": {"product": 3, "order": 87, "quantity": 2, "price": "269.00"}}, {"model": "foodcartapp.orderingproduct", "pk": 75, "fields": {"product": 4, "order": 87, "quantity": 1, "price": "369.00"}}, {"model": "foodcartapp.orderingproduct", "pk": 78, "fields": {"product": 3, "order": 89, "quantity": 2, "price": "269.00"}}, {"model": "foodcartapp.orderingproduct", "pk": 79, "fields": {"product": 6, "order": 90, "quantity": 2, "price": "209.00"}}, {"model": "foodcartapp.orderingproduct", "pk": 80, "fields": {"product": 5, "order": 90, "quantity": 2, "price": "199.00"}}, {"model": "foodcartapp.orderingproduct", "pk": 81, "fields": {"product": 1, "order": 91, "quantity": 2, "price": "319.00"}}, {"model": "foodcartapp.orderingproduct", "pk": 82, "fields": {"product": 2, "order": 91, "quantity": 1, "price": "219.00"}}, {"model": "foodcartapp.orderingproduct", "pk": 83, "fields": {"product": 5, "order": 91, "quantity": 1, "price": "199.00"}}, {"model": "foodcartapp.orderingproduct", "pk": 84, "fields": {"product": 6, "order": 91, "quantity": 1, "price": "209.00"}}, {"model": "foodcartapp.orderingproduct", "pk": 85, "fields": {"product": 1, "order": 92, "quantity": 1, "price": "319.00"}}, {"model": "foodcartapp.orderingproduct", "pk": 86, "fields": {"product": 1, "order": 93, "quantity": 1, "price": "319.00"}}, {"model": "foodcartapp.orderingproduct", "pk": 87, "fields": {"product": 1, "order": 94, "quantity": 1, "price": "319.00"}}, {"model": "foodcartapp.orderingproduct", "pk": 88, "fields": {"product": 6, "order": 95, "quantity": 2, "price": "209.00"}}, {"model": "foodcartapp.orderingproduct", "pk": 89, "fields": {"product": 3, "order": 95, "quantity": 2, "price": "269.00"}}, {"model": "foodcartapp.orderingproduct", "pk": 90, "fields": {"product": 2, "order": 96, "quantity": 1, "price": "219.00"}}, {"model": "foodcartapp.orderingproduct", "pk": 91, "fields": {"product": 4, "order": 97, "quantity": 1, "price": "369.00"}}, {"model": "foodcartapp.orderingproduct", "pk": 92, "fields": {"product": 1, "order": 98, "quantity": 2, "price": "319.00"}}, {"model": "foodcartapp.orderingproduct", "pk": 93, "fields": {"product": 2, "order": 99, "quantity": 1, "price": "219.00"}}, {"model": "foodcartapp.orderingproduct", "pk": 94, "fields": {"product": 3, "order": 99, "quantity": 1, "price": "269.00"}}, {"model": "foodcartapp.orderingproduct", "pk": 95, "fields": {"product": 6, "order": 99, "quantity": 1, "price": "209.00"}}, {"model": "foodcartapp.orderingproduct", "pk": 96, "fields": {"product": 2, "order": 100, "quantity": 1, "price": "219.00"}}, {"model": "foodcartapp.orderingproduct", "pk": 97, "fields": {"product": 2, "order": 101, "quantity": 1, "price": "219.00"}}, {"model": "admin.logentry", "pk": 1, "fields": {"action_time": "2022-07-06T22:55:32.994Z", "user": 1, "content_type": 4, "object_id": "1", "object_repr": "Бургеры", "action_flag": 1, "change_message": "[{\"added\": {}}]"}}, {"model": "admin.logentry", "pk": 2, "fields": {"action_time": "2022-07-06T22:59:18.069Z", "user": 1, "content_type": 2, "object_id": "1", "object_repr": "BLACK STAR BURGER", "action_flag": 1, "change_message": "[{\"added\": {}}]"}}, {"model": "admin.logentry", "pk": 3, "fields": {"action_time": "2022-07-06T22:59:35.651Z", "user": 1, "content_type": 1, "object_id": "1", "object_repr": "Beconizer", "action_flag": 1, "change_message": "[{\"added\": {}}, {\"added\": {\"name\": \"\\u043f\\u0443\\u043d\\u043a\\u0442 \\u043c\\u0435\\u043d\\u044e \\u0440\\u0435\\u0441\\u0442\\u043e\\u0440\\u0430\\u043d\\u0430\", \"object\": \"BLACK STAR BURGER - Beconizer\"}}]"}}, {"model": "admin.logentry", "pk": 4, "fields": {"action_time": "2022-07-06T23:00:12.501Z", "user": 1, "content_type": 2, "object_id": "2", "object_repr": "BURGER KING", "action_flag": 1, "change_message": "[{\"added\": {}}]"}}, {"model": "admin.logentry", "pk": 5, "fields": {"action_time": "2022-07-06T23:00:49.101Z", "user": 1, "content_type": 1, "object_id": "2", "object_repr": "Тройной воппер", "action_flag": 1, "change_message": "[{\"added\": {}}, {\"added\": {\"name\": \"\\u043f\\u0443\\u043d\\u043a\\u0442 \\u043c\\u0435\\u043d\\u044e \\u0440\\u0435\\u0441\\u0442\\u043e\\u0440\\u0430\\u043d\\u0430\", \"object\": \"BURGER KING - \\u0422\\u0440\\u043e\\u0439\\u043d\\u043e\\u0439 \\u0432\\u043e\\u043f\\u043f\\u0435\\u0440\"}}]"}}, {"model": "admin.logentry", "pk": 6, "fields": {"action_time": "2022-07-06T23:01:21.721Z", "user": 1, "content_type": 1, "object_id": "3", "object_repr": "Стейк Бургер", "action_flag": 1, "change_message": "[{\"added\": {}}, {\"added\": {\"name\": \"\\u043f\\u0443\\u043d\\u043a\\u0442 \\u043c\\u0435\\u043d\\u044e \\u0440\\u0435\\u0441\\u0442\\u043e\\u0440\\u0430\\u043d\\u0430\", \"object\": \"BLACK STAR BURGER - \\u0421\\u0442\\u0435\\u0439\\u043a \\u0411\\u0443\\u0440\\u0433\\u0435\\u0440\"}}, {\"added\": {\"name\": \"\\u043f\\u0443\\u043d\\u043a\\u0442 \\u043c\\u0435\\u043d\\u044e \\u0440\\u0435\\u0441\\u0442\\u043e\\u0440\\u0430\\u043d\\u0430\", \"object\": \"BURGER KING - \\u0421\\u0442\\u0435\\u0439\\u043a \\u0411\\u0443\\u0440\\u0433\\u0435\\u0440\"}}]"}}, {"model": "admin.logentry", "pk": 7, "fields": {"action_time": "2022-07-07T18:05:56.894Z", "user": 1, "content_type": 11, "object_id": "1", "object_repr": "Глеб Вячеславович Тиунов", "action_flag": 3, "change_message": ""}}, {"model": "admin.logentry", "pk": 8, "fields": {"action_time": "2022-07-07T18:06:02.192Z", "user": 1, "content_type": 11, "object_id": "2", "object_repr": "Глеб Тиунов", "action_flag": 3, "change_message": ""}}, {"model": "admin.logentry", "pk": 9, "fields": {"action_time": "2022-07-08T13:42:08.599Z", "user": 1, "content_type": 11, "object_id": "10", "object_repr": "Иван Петров 10", "action_flag": 3, "change_message": ""}}, {"model": "admin.logentry", "pk": 10, "fields": {"action_time": "2022-07-08T13:42:08.650Z", "user": 1, "content_type": 11, "object_id": "9", "object_repr": "Иван Петров 9", "action_flag": 3, "change_message": ""}}, {"model": "admin.logentry", "pk": 11, "fields": {"action_time": "2022-07-10T13:10:35.595Z", "user": 1, "content_type": 11, "object_id": "29", "object_repr": "Василий Васильевич 29", "action_flag": 3, "change_message": ""}}, {"model": "admin.logentry", "pk": 12, "fields": {"action_time": "2022-07-10T13:10:35.643Z", "user": 1, "content_type": 11, "object_id": "28", "object_repr": "Василий Васильевич 28", "action_flag": 3, "change_message": ""}}, {"model": "admin.logentry", "pk": 13, "fields": {"action_time": "2022-07-10T13:10:35.674Z", "user": 1, "content_type": 11, "object_id": "27", "object_repr": "Василий Васильевич 27", "action_flag": 3, "change_message": ""}}, {"model": "admin.logentry", "pk": 14, "fields": {"action_time": "2022-07-10T13:10:35.705Z", "user": 1, "content_type": 11, "object_id": "26", "object_repr": "Василий Васильевич 26", "action_flag": 3, "change_message": ""}}, {"model": "admin.logentry", "pk": 15, "fields": {"action_time": "2022-07-10T13:10:35.737Z", "user": 1, "content_type": 11, "object_id": "25", "object_repr": "Василий Васильевич 25", "action_flag": 3, "change_message": ""}}, {"model": "admin.logentry", "pk": 16, "fields": {"action_time": "2022-07-10T13:10:35.767Z", "user": 1, "content_type": 11, "object_id": "24", "object_repr": "Василий Васильевич 24", "action_flag": 3, "change_message": ""}}, {"model": "admin.logentry", "pk": 17, "fields": {"action_time": "2022-07-10T13:10:35.800Z", "user": 1, "content_type": 11, "object_id": "23", "object_repr": "Василий Васильевич 23", "action_flag": 3, "change_message": ""}}, {"model": "admin.logentry", "pk": 18, "fields": {"action_time": "2022-07-10T13:10:35.829Z", "user": 1, "content_type": 11, "object_id": "22", "object_repr": "Василий Васильевич 22", "action_flag": 3, "change_message": ""}}, {"model": "admin.logentry", "pk": 19, "fields": {"action_time": "2022-07-10T13:10:35.860Z", "user": 1, "content_type": 11, "object_id": "21", "object_repr": "Василий Васильевич 21", "action_flag": 3, "change_message": ""}}, {"model": "admin.logentry", "pk": 20, "fields": {"action_time": "2022-07-10T13:10:35.889Z", "user": 1, "content_type": 11, "object_id": "20", "object_repr": "Василий Васильевич 20", "action_flag": 3, "change_message": ""}}, {"model": "admin.logentry", "pk": 21, "fields": {"action_time": "2022-07-10T13:10:35.921Z", "user": 1, "content_type": 11, "object_id": "19", "object_repr": "Василий Васильевич 19", "action_flag": 3, "change_message": ""}}, {"model": "admin.logentry", "pk": 22, "fields": {"action_time": "2022-07-10T13:10:35.953Z", "user": 1, "content_type": 11, "object_id": "18", "object_repr": "Василий Васильевич 18", "action_flag": 3, "change_message": ""}}, {"model": "admin.logentry", "pk": 23, "fields": {"action_time": "2022-07-10T13:10:35.985Z", "user": 1, "content_type": 11, "object_id": "17", "object_repr": "Василий Васильевич 17", "action_flag": 3, "change_message": ""}}, {"model": "admin.logentry", "pk": 24, "fields": {"action_time": "2022-07-10T13:10:36.016Z", "user": 1, "content_type": 11, "object_id": "16", "object_repr": "Василий Васильевич 16", "action_flag": 3, "change_message": ""}}, {"model": "admin.logentry", "pk": 25, "fields": {"action_time": "2022-07-10T13:10:36.047Z", "user": 1, "content_type": 11, "object_id": "15", "object_repr": "Василий Васильевич 15", "action_flag": 3, "change_message": ""}}, {"model": "admin.logentry", "pk": 26, "fields": {"action_time": "2022-07-10T13:10:36.075Z", "user": 1, "content_type": 11, "object_id": "14", "object_repr": "Василий Васильевич 14", "action_flag": 3, "change_message": ""}}, {"model": "admin.logentry", "pk": 27, "fields": {"action_time": "2022-07-10T13:10:36.104Z", "user": 1, "content_type": 11, "object_id": "13", "object_repr": "Василий Васильевич 13", "action_flag": 3, "change_message": ""}}, {"model": "admin.logentry", "pk": 28, "fields": {"action_time": "2022-07-10T13:10:36.134Z", "user": 1, "content_type": 11, "object_id": "12", "object_repr": "Глеб Тиунов 12", "action_flag": 3, "change_message": ""}}, {"model": "admin.logentry", "pk": 29, "fields": {"action_time": "2022-07-10T13:10:36.165Z", "user": 1, "content_type": 11, "object_id": "11", "object_repr": "Глеб Тиунов 11", "action_flag": 3, "change_message": ""}}, {"model": "admin.logentry", "pk": 30, "fields": {"action_time": "2022-07-10T13:10:36.199Z", "user": 1, "content_type": 11, "object_id": "8", "object_repr": "Глеб Тиунов 8", "action_flag": 3, "change_message": ""}}, {"model": "admin.logentry", "pk": 31, "fields": {"action_time": "2022-07-10T13:10:36.232Z", "user": 1, "content_type": 11, "object_id": "7", "object_repr": "Глеб Тиунов 7", "action_flag": 3, "change_message": ""}}, {"model": "admin.logentry", "pk": 32, "fields": {"action_time": "2022-07-10T13:10:36.268Z", "user": 1, "content_type": 11, "object_id": "6", "object_repr": "Глеб Тиунов 6", "action_flag": 3, "change_message": ""}}, {"model": "admin.logentry", "pk": 33, "fields": {"action_time": "2022-07-10T13:10:36.297Z", "user": 1, "content_type": 11, "object_id": "5", "object_repr": "Глеб Тиунов 5", "action_flag": 3, "change_message": ""}}, {"model": "admin.logentry", "pk": 34, "fields": {"action_time": "2022-07-10T13:10:36.328Z", "user": 1, "content_type": 11, "object_id": "4", "object_repr": "Глеб Тиунов 4", "action_flag": 3, "change_message": ""}}, {"model": "admin.logentry", "pk": 35, "fields": {"action_time": "2022-07-10T13:10:36.355Z", "user": 1, "content_type": 11, "object_id": "3", "object_repr": "Глеб Тиунов 3", "action_flag": 3, "change_message": ""}}, {"model": "admin.logentry", "pk": 36, "fields": {"action_time": "2022-07-10T13:20:57.775Z", "user": 1, "content_type": 11, "object_id": "30", "object_repr": "Глеб Тиунов 30", "action_flag": 1, "change_message": "[{\"added\": {}}, {\"added\": {\"name\": \"ordering product\", \"object\": \"\\u0422\\u0440\\u043e\\u0439\\u043d\\u043e\\u0439 \\u0432\\u043e\\u043f\\u043f\\u0435\\u0440\"}}, {\"added\": {\"name\": \"ordering product\", \"object\": \"\\u0421\\u0442\\u0435\\u0439\\u043a \\u0411\\u0443\\u0440\\u0433\\u0435\\u0440\"}}]"}}, {"model": "admin.logentry", "pk": 37, "fields": {"action_time": "2022-07-18T13:37:04.120Z", "user": 1, "content_type": 11, "object_id": "38", "object_repr": "Василий Васильевич 38", "action_flag": 3, "change_message": ""}}, {"model": "admin.logentry", "pk": 38, "fields": {"action_time": "2022-07-18T13:37:04.152Z", "user": 1, "content_type": 11, "object_id": "37", "object_repr": "Василий Васильевич 37", "action_flag": 3, "change_message": ""}}, {"model": "admin.logentry", "pk": 39, "fields": {"action_time": "2022-07-18T13:37:04.182Z", "user": 1, "content_type": 11, "object_id": "36", "object_repr": "Василий Васильевич 36", "action_flag": 3, "change_message": ""}}, {"model": "admin.logentry", "pk": 40, "fields": {"action_time": "2022-07-18T13:37:04.215Z", "user": 1, "content_type": 11, "object_id": "35", "object_repr": "Василий Васильевич 35", "action_flag": 3, "change_message": ""}}, {"model": "admin.logentry", "pk": 41, "fields": {"action_time": "2022-07-18T13:37:04.243Z", "user": 1, "content_type": 11, "object_id": "34", "object_repr": "Ника Прокопченко 34", "action_flag": 3, "change_message": ""}}, {"model": "admin.logentry", "pk": 42, "fields": {"action_time": "2022-07-18T13:37:04.270Z", "user": 1, "content_type": 11, "object_id": "33", "object_repr": "Ника Жопа 33", "action_flag": 3, "change_message": ""}}, {"model": "admin.logentry", "pk": 43, "fields": {"action_time": "2022-07-18T13:37:04.296Z", "user": 1, "content_type": 11, "object_id": "32", "object_repr": "Ника Жопа 32", "action_flag": 3, "change_message": ""}}, {"model": "admin.logentry", "pk": 44, "fields": {"action_time": "2022-07-18T13:37:38.466Z", "user": 1, "content_type": 11, "object_id": "31", "object_repr": "Ника Жопа 31", "action_flag": 3, "change_message": ""}}, {"model": "admin.logentry", "pk": 45, "fields": {"action_time": "2022-07-18T13:39:43.022Z", "user": 1, "content_type": 11, "object_id": "30", "object_repr": "Глеб Тиунов 30", "action_flag": 2, "change_message": "[{\"changed\": {\"name\": \"ordering product\", \"object\": \"\\u0422\\u0440\\u043e\\u0439\\u043d\\u043e\\u0439 \\u0432\\u043e\\u043f\\u043f\\u0435\\u0440\", \"fields\": [\"\\u0426\\u0435\\u043d\\u0430\"]}}, {\"changed\": {\"name\": \"ordering product\", \"object\": \"\\u0421\\u0442\\u0435\\u0439\\u043a \\u0411\\u0443\\u0440\\u0433\\u0435\\u0440\", \"fields\": [\"\\u0426\\u0435\\u043d\\u0430\"]}}]"}}, {"model": "admin.logentry", "pk": 46, "fields": {"action_time": "2022-07-18T14:59:16.100Z", "user": 1, "content_type": 11, "object_id": "51", "object_repr": "Глеб Тиунов 51", "action_flag": 3, "change_message": ""}}, {"model": "admin.logentry", "pk": 47, "fields": {"action_time": "2022-07-18T14:59:16.126Z", "user": 1, "content_type": 11, "object_id": "50", "object_repr": "Глеб Тиунов 50", "action_flag": 3, "change_message": ""}}, {"model": "admin.logentry", "pk": 48, "fields": {"action_time": "2022-07-18T14:59:16.151Z", "user": 1, "content_type": 11, "object_id": "49", "object_repr": "Глеб Тиунов 49", "action_flag": 3, "change_message": ""}}, {"model": "admin.logentry", "pk": 49, "fields": {"action_time": "2022-07-18T14:59:16.179Z", "user": 1, "content_type": 11, "object_id": "48", "object_repr": "Глеб Тиунов 48", "action_flag": 3, "change_message": ""}}, {"model": "admin.logentry", "pk": 50, "fields": {"action_time": "2022-07-18T14:59:16.207Z", "user": 1, "content_type": 11, "object_id": "47", "object_repr": "Глеб Тиунов 47", "action_flag": 3, "change_message": ""}}, {"model": "admin.logentry", "pk": 51, "fields": {"action_time": "2022-07-18T14:59:16.234Z", "user": 1, "content_type": 11, "object_id": "46", "object_repr": "Глеб Тиунов 46", "action_flag": 3, "change_message": ""}}, {"model": "admin.logentry", "pk": 52, "fields": {"action_time": "2022-07-18T14:59:16.258Z", "user": 1, "content_type": 11, "object_id": "45", "object_repr": "Глеб Тиунов 45", "action_flag": 3, "change_message": ""}}, {"model": "admin.logentry", "pk": 53, "fields": {"action_time": "2022-07-18T14:59:16.285Z", "user": 1, "content_type": 11, "object_id": "44", "object_repr": "Глеб Тиунов 44", "action_flag": 3, "change_message": ""}}, {"model": "admin.logentry", "pk": 54, "fields": {"action_time": "2022-07-18T14:59:26.046Z", "user": 1, "content_type": 11, "object_id": "43", "object_repr": "Глеб Тиунов 43", "action_flag": 3, "change_message": ""}}, {"model": "admin.logentry", "pk": 55, "fields": {"action_time": "2022-07-18T14:59:29.911Z", "user": 1, "content_type": 11, "object_id": "42", "object_repr": "Глеб Тиунов 42", "action_flag": 3, "change_message": ""}}, {"model": "admin.logentry", "pk": 56, "fields": {"action_time": "2022-07-18T14:59:37.554Z", "user": 1, "content_type": 11, "object_id": "41", "object_repr": "Глеб Тиунов 41", "action_flag": 3, "change_message": ""}}, {"model": "admin.logentry", "pk": 57, "fields": {"action_time": "2022-07-18T15:55:51.471Z", "user": 1, "content_type": 11, "object_id": "58", "object_repr": "Глеб Вячеславович Тиунов 58", "action_flag": 2, "change_message": "[{\"changed\": {\"name\": \"ordering product\", \"object\": \"\\u0421\\u0442\\u0435\\u0439\\u043a \\u0411\\u0443\\u0440\\u0433\\u0435\\u0440\", \"fields\": [\"\\u0426\\u0435\\u043d\\u0430\"]}}]"}}, {"model": "admin.logentry", "pk": 58, "fields": {"action_time": "2022-07-18T15:56:01.792Z", "user": 1, "content_type": 11, "object_id": "58", "object_repr": "Глеб Вячеславович Тиунов 58", "action_flag": 2, "change_message": "[]"}}, {"model": "admin.logentry", "pk": 59, "fields": {"action_time": "2022-07-18T15:56:23.367Z", "user": 1, "content_type": 11, "object_id": "59", "object_repr": "Жоп Жопович Тиунов 59", "action_flag": 2, "change_message": "[{\"changed\": {\"fields\": [\"\\u0418\\u043c\\u044f\"]}}]"}}, {"model": "admin.logentry", "pk": 60, "fields": {"action_time": "2022-07-20T12:14:24.763Z", "user": 1, "content_type": 1, "object_id": "3", "object_repr": "Стейк Бургер", "action_flag": 2, "change_message": "[]"}}, {"model": "admin.logentry", "pk": 61, "fields": {"action_time": "2022-07-20T12:17:54.252Z", "user": 1, "content_type": 11, "object_id": "72", "object_repr": "Глеб Вячеславович Тиунов 72", "action_flag": 2, "change_message": "[]"}}, {"model": "admin.logentry", "pk": 62, "fields": {"action_time": "2022-07-20T12:17:59.377Z", "user": 1, "content_type": 11, "object_id": "73", "object_repr": "Nick Kekov 73", "action_flag": 2, "change_message": "[]"}}, {"model": "admin.logentry", "pk": 63, "fields": {"action_time": "2022-07-20T12:19:18.994Z", "user": 1, "content_type": 11, "object_id": "73", "object_repr": "Nick Kekov 73", "action_flag": 2, "change_message": "[]"}}, {"model": "admin.logentry", "pk": 64, "fields": {"action_time": "2022-07-20T12:20:33.423Z", "user": 1, "content_type": 11, "object_id": "74", "object_repr": "Глеб Вячеславович Тиунов 74", "action_flag": 2, "change_message": "[]"}}, {"model": "admin.logentry", "pk": 65, "fields": {"action_time": "2022-07-20T12:20:56.037Z", "user": 1, "content_type": 11, "object_id": "74", "object_repr": "Глеб Вячеславович Тиунов 74", "action_flag": 2, "change_message": "[{\"changed\": {\"name\": \"ordering product\", \"object\": \"\\u0422\\u0440\\u043e\\u0439\\u043d\\u043e\\u0439 \\u0432\\u043e\\u043f\\u043f\\u0435\\u0440\", \"fields\": [\"\\u0426\\u0435\\u043d\\u0430\"]}}]"}}, {"model": "admin.logentry", "pk": 66, "fields": {"action_time": "2022-07-20T12:22:50.606Z", "user": 1, "content_type": 11, "object_id": "74", "object_repr": "Глеб Вячеславович Тиунов 74", "action_flag": 2, "change_message": "[]"}}, {"model": "admin.logentry", "pk": 67, "fields": {"action_time": "2022-07-20T12:23:32.360Z", "user": 1, "content_type": 11, "object_id": "75", "object_repr": "Глеб Вячеславович Тиунов 75", "action_flag": 2, "change_message": "[]"}}, {"model": "admin.logentry", "pk": 68, "fields": {"action_time": "2022-07-20T12:23:42.129Z", "user": 1, "content_type": 11, "object_id": "75", "object_repr": "Глеб Вячеславович Тиунов 75", "action_flag": 2, "change_message": "[{\"changed\": {\"name\": \"ordering product\", \"object\": \"Beconizer\", \"fields\": [\"\\u0426\\u0435\\u043d\\u0430\"]}}]"}}, {"model": "admin.logentry", "pk": 69, "fields": {"action_time": "2022-07-20T12:23:51.495Z", "user": 1, "content_type": 11, "object_id": "75", "object_repr": "Глеб Вячеславович Тиунов 75", "action_flag": 2, "change_message": "[{\"changed\": {\"name\": \"ordering product\", \"object\": \"Beconizer\", \"fields\": [\"\\u0426\\u0435\\u043d\\u0430\"]}}]"}}, {"model": "admin.logentry", "pk": 70, "fields": {"action_time": "2022-07-20T12:24:47.990Z", "user": 1, "content_type": 11, "object_id": "75", "object_repr": "Глеб Вячеславович Тиунов 75", "action_flag": 2, "change_message": "[]"}}, {"model": "admin.logentry", "pk": 71, "fields": {"action_time": "2022-07-20T12:25:32.453Z", "user": 1, "content_type": 11, "object_id": "76", "object_repr": "Глеб Вячеславович Тиунов 76", "action_flag": 2, "change_message": "[]"}}, {"model": "admin.logentry", "pk": 72, "fields": {"action_time": "2022-07-20T12:25:46.403Z", "user": 1, "content_type": 11, "object_id": "76", "object_repr": "Глеб Вячеславович Тиунов 76", "action_flag": 2, "change_message": "[]"}}, {"model": "admin.logentry", "pk": 73, "fields": {"action_time": "2022-07-20T12:25:54.614Z", "user": 1, "content_type": 11, "object_id": "76", "object_repr": "Глеб Вячеславович Тиунов 76", "action_flag": 2, "change_message": "[{\"changed\": {\"name\": \"ordering product\", \"object\": \"\\u0421\\u0442\\u0435\\u0439\\u043a \\u0411\\u0443\\u0440\\u0433\\u0435\\u0440\", \"fields\": [\"\\u0426\\u0435\\u043d\\u0430\"]}}]"}}, {"model": "admin.logentry", "pk": 74, "fields": {"action_time": "2022-07-20T12:27:09.988Z", "user": 1, "content_type": 11, "object_id": "76", "object_repr": "Глеб Вячеславович Тиунов 76", "action_flag": 2, "change_message": "[]"}}, {"model": "admin.logentry", "pk": 75, "fields": {"action_time": "2022-07-20T12:27:19.997Z", "user": 1, "content_type": 11, "object_id": "76", "object_repr": "Глеб Вячеславович Тиунов 76", "action_flag": 2, "change_message": "[{\"changed\": {\"name\": \"ordering product\", \"object\": \"\\u0421\\u0442\\u0435\\u0439\\u043a \\u0411\\u0443\\u0440\\u0433\\u0435\\u0440\", \"fields\": [\"\\u0426\\u0435\\u043d\\u0430\"]}}]"}}, {"model": "admin.logentry", "pk": 76, "fields": {"action_time": "2022-07-20T12:38:54.652Z", "user": 1, "content_type": 11, "object_id": "71", "object_repr": "Глеб Вячеславович Тиунов 71", "action_flag": 2, "change_message": "[]"}}, {"model": "admin.logentry", "pk": 77, "fields": {"action_time": "2022-07-20T12:42:04.983Z", "user": 1, "content_type": 11, "object_id": "77", "object_repr": "Глеб Вячеславович Тиунов 77", "action_flag": 2, "change_message": "[]"}}, {"model": "admin.logentry", "pk": 78, "fields": {"action_time": "2022-07-20T12:42:15.278Z", "user": 1, "content_type": 11, "object_id": "77", "object_repr": "Глеб Вячеславович Тиунов 77", "action_flag": 2, "change_message": "[{\"changed\": {\"name\": \"ordering product\", \"object\": \"Beconizer\", \"fields\": [\"\\u0426\\u0435\\u043d\\u0430\"]}}]"}}, {"model": "admin.logentry", "pk": 79, "fields": {"action_time": "2022-07-22T11:03:18.199Z", "user": 1, "content_type": 11, "object_id": "69", "object_repr": "Глеб Вячеславович Тиунов 69", "action_flag": 2, "change_message": "[]"}}, {"model": "admin.logentry", "pk": 80, "fields": {"action_time": "2022-07-22T11:03:25.558Z", "user": 1, "content_type": 11, "object_id": "69", "object_repr": "Глеб Вячеславович Тиунов 69", "action_flag": 2, "change_message": "[]"}}, {"model": "admin.logentry", "pk": 81, "fields": {"action_time": "2022-07-22T11:03:55.710Z", "user": 1, "content_type": 11, "object_id": "69", "object_repr": "Глеб Вячеславович Тиунов 69", "action_flag": 2, "change_message": "[]"}}, {"model": "admin.logentry", "pk": 82, "fields": {"action_time": "2022-07-22T11:04:14.239Z", "user": 1, "content_type": 11, "object_id": "69", "object_repr": "Глеб Вячеславович Тиунов 69", "action_flag": 2, "change_message": "[]"}}, {"model": "admin.logentry", "pk": 83, "fields": {"action_time": "2022-07-22T11:04:20.461Z", "user": 1, "content_type": 11, "object_id": "69", "object_repr": "Глеб Вячеславович Тиунов 69", "action_flag": 2, "change_message": "[{\"changed\": {\"name\": \"ordering product\", \"object\": \"\\u0421\\u0442\\u0435\\u0439\\u043a \\u0411\\u0443\\u0440\\u0433\\u0435\\u0440\", \"fields\": [\"\\u0426\\u0435\\u043d\\u0430\"]}}]"}}, {"model": "admin.logentry", "pk": 84, "fields": {"action_time": "2022-07-23T12:31:22.804Z", "user": 1, "content_type": 11, "object_id": "70", "object_repr": "Глеб Вячеславович Тиунов 70", "action_flag": 2, "change_message": "[]"}}, {"model": "admin.logentry", "pk": 85, "fields": {"action_time": "2022-07-23T12:32:14.796Z", "user": 1, "content_type": 11, "object_id": "74", "object_repr": "Глеб Вячеславович Тиунов 74", "action_flag": 2, "change_message": "[]"}}, {"model": "admin.logentry", "pk": 86, "fields": {"action_time": "2022-07-23T12:34:35.020Z", "user": 1, "content_type": 11, "object_id": "74", "object_repr": "Глеб Вячеславович Тиунов 74", "action_flag": 2, "change_message": "[]"}}, {"model": "admin.logentry", "pk": 87, "fields": {"action_time": "2022-07-23T12:36:57.432Z", "user": 1, "content_type": 11, "object_id": "66", "object_repr": "Глеб Вячеславович Тиунов 66", "action_flag": 2, "change_message": "[]"}}, {"model": "admin.logentry", "pk": 88, "fields": {"action_time": "2022-07-23T12:53:18.981Z", "user": 1, "content_type": 11, "object_id": "54", "object_repr": "Глеб Вячеславович Тиунов 54", "action_flag": 2, "change_message": "[{\"changed\": {\"name\": \"ordering product\", \"object\": \"\\u0421\\u0442\\u0435\\u0439\\u043a \\u0411\\u0443\\u0440\\u0433\\u0435\\u0440\", \"fields\": [\"\\u0426\\u0435\\u043d\\u0430\"]}}, {\"changed\": {\"name\": \"ordering product\", \"object\": \"\\u0422\\u0440\\u043e\\u0439\\u043d\\u043e\\u0439 \\u0432\\u043e\\u043f\\u043f\\u0435\\u0440\", \"fields\": [\"\\u0426\\u0435\\u043d\\u0430\"]}}]"}}, {"model": "admin.logentry", "pk": 89, "fields": {"action_time": "2022-07-23T12:54:40.724Z", "user": 1, "content_type": 11, "object_id": "53", "object_repr": "Hope Bringer 53", "action_flag": 2, "change_message": "[{\"changed\": {\"fields\": [\"\\u0418\\u043c\\u044f\", \"\\u0424\\u0430\\u043c\\u0438\\u043b\\u0438\\u044f\"]}}, {\"changed\": {\"name\": \"ordering product\", \"object\": \"Beconizer\", \"fields\": [\"\\u0426\\u0435\\u043d\\u0430\"]}}, {\"changed\": {\"name\": \"ordering product\", \"object\": \"\\u0422\\u0440\\u043e\\u0439\\u043d\\u043e\\u0439 \\u0432\\u043e\\u043f\\u043f\\u0435\\u0440\", \"fields\": [\"\\u0426\\u0435\\u043d\\u0430\"]}}, {\"changed\": {\"name\": \"ordering product\", \"object\": \"\\u0421\\u0442\\u0435\\u0439\\u043a \\u0411\\u0443\\u0440\\u0433\\u0435\\u0440\", \"fields\": [\"\\u0426\\u0435\\u043d\\u0430\"]}}]"}}, {"model": "admin.logentry", "pk": 90, "fields": {"action_time": "2022-07-23T12:55:13.148Z", "user": 1, "content_type": 11, "object_id": "53", "object_repr": "Глеб Bringer 53", "action_flag": 2, "change_message": "[{\"changed\": {\"fields\": [\"\\u0418\\u043c\\u044f\"]}}]"}}, {"model": "admin.logentry", "pk": 91, "fields": {"action_time": "2022-07-23T13:17:55.726Z", "user": 1, "content_type": 11, "object_id": "53", "object_repr": "Глеб Bringer 53", "action_flag": 2, "change_message": "[{\"changed\": {\"fields\": [\"Status\"]}}]"}}, {"model": "admin.logentry", "pk": 92, "fields": {"action_time": "2022-07-23T13:17:56.342Z", "user": 1, "content_type": 11, "object_id": "53", "object_repr": "Глеб Bringer 53", "action_flag": 2, "change_message": "[]"}}, {"model": "admin.logentry", "pk": 93, "fields": {"action_time": "2022-07-23T13:21:42.427Z", "user": 1, "content_type": 11, "object_id": "52", "object_repr": "Глеб Тиунов 52", "action_flag": 2, "change_message": "[{\"changed\": {\"fields\": [\"\\u0421\\u0442\\u0430\\u0442\\u0443\\u0441\", \"\\u041a\\u043e\\u043c\\u043c\\u0435\\u043d\\u0442\\u0430\\u0440\\u0438\\u0439\"]}}, {\"changed\": {\"name\": \"ordering product\", \"object\": \"\\u0422\\u0440\\u043e\\u0439\\u043d\\u043e\\u0439 \\u0432\\u043e\\u043f\\u043f\\u0435\\u0440\", \"fields\": [\"\\u0426\\u0435\\u043d\\u0430\"]}}]"}}, {"model": "admin.logentry", "pk": 94, "fields": {"action_time": "2022-07-23T13:22:37.142Z", "user": 1, "content_type": 11, "object_id": "52", "object_repr": "Глеб Тиунов 52", "action_flag": 2, "change_message": "[{\"changed\": {\"fields\": [\"\\u0421\\u0442\\u0430\\u0442\\u0443\\u0441\", \"\\u041a\\u043e\\u043c\\u043c\\u0435\\u043d\\u0442\\u0430\\u0440\\u0438\\u0439\"]}}]"}}, {"model": "admin.logentry", "pk": 95, "fields": {"action_time": "2022-07-23T13:42:22.866Z", "user": 1, "content_type": 11, "object_id": "30", "object_repr": "Глеб Тиунов 30", "action_flag": 2, "change_message": "[{\"changed\": {\"fields\": [\"\\u0421\\u0442\\u0430\\u0442\\u0443\\u0441\", \"\\u0421\\u043e\\u0437\\u0434\\u0430\\u043d \\u0432\", \"\\u0421\\u043f\\u043e\\u0441\\u043e\\u0431 \\u043e\\u043f\\u043b\\u0430\\u0442\\u044b\"]}}]"}}, {"model": "admin.logentry", "pk": 96, "fields": {"action_time": "2022-07-23T16:14:40.746Z", "user": 1, "content_type": 11, "object_id": "55", "object_repr": "Глеб Вячеславович Тиунов 55", "action_flag": 2, "change_message": "[{\"changed\": {\"fields\": [\"\\u0421\\u0442\\u0430\\u0442\\u0443\\u0441\", \"\\u0421\\u043e\\u0437\\u0434\\u0430\\u043d \\u0432\"]}}, {\"changed\": {\"name\": \"ordering product\", \"object\": \"\\u0421\\u0442\\u0435\\u0439\\u043a \\u0411\\u0443\\u0440\\u0433\\u0435\\u0440\", \"fields\": [\"\\u0426\\u0435\\u043d\\u0430\"]}}]"}}, {"model": "admin.logentry", "pk": 97, "fields": {"action_time": "2022-07-25T12:22:37.787Z", "user": 1, "content_type": 11, "object_id": "79", "object_repr": "Глеб Вячеславович Тиунов 79", "action_flag": 2, "change_message": "[{\"changed\": {\"name\": \"ordering product\", \"object\": \"\\u0422\\u0440\\u043e\\u0439\\u043d\\u043e\\u0439 \\u0432\\u043e\\u043f\\u043f\\u0435\\u0440\", \"fields\": [\"\\u0426\\u0435\\u043d\\u0430\"]}}, {\"changed\": {\"name\": \"ordering product\", \"object\": \"\\u0421\\u0442\\u0435\\u0439\\u043a \\u0411\\u0443\\u0440\\u0433\\u0435\\u0440\", \"fields\": [\"\\u0426\\u0435\\u043d\\u0430\"]}}]"}}, {"model": "admin.logentry", "pk": 98, "fields": {"action_time": "2022-07-25T12:22:53.833Z", "user": 1, "content_type": 11, "object_id": "79", "object_repr": "Глеб Вячеславович Тиунов 79", "action_flag": 2, "change_message": "[]"}}, {"model": "admin.logentry", "pk": 99, "fields": {"action_time": "2022-07-25T17:17:29.253Z", "user": 1, "content_type": 11, "object_id": "79", "object_repr": "Глеб Вячеславович Тиунов 79", "action_flag": 3, "change_message": ""}}, {"model": "admin.logentry", "pk": 100, "fields": {"action_time": "2022-07-25T17:17:29.287Z", "user": 1, "content_type": 11, "object_id": "78", "object_repr": "Глеб Вячеславович Тиунов 78", "action_flag": 3, "change_message": ""}}, {"model": "admin.logentry", "pk": 101, "fields": {"action_time": "2022-07-25T17:17:29.319Z", "user": 1, "content_type": 11, "object_id": "77", "object_repr": "Глеб Вячеславович Тиунов 77", "action_flag": 3, "change_message": ""}}, {"model": "admin.logentry", "pk": 102, "fields": {"action_time": "2022-07-25T17:17:29.349Z", "user": 1, "content_type": 11, "object_id": "76", "object_repr": "Глеб Вячеславович Тиунов 76", "action_flag": 3, "change_message": ""}}, {"model": "admin.logentry", "pk": 103, "fields": {"action_time": "2022-07-25T17:17:29.379Z", "user": 1, "content_type": 11, "object_id": "75", "object_repr": "Глеб Вячеславович Тиунов 75", "action_flag": 3, "change_message": ""}}, {"model": "admin.logentry", "pk": 104, "fields": {"action_time": "2022-07-25T17:17:29.409Z", "user": 1, "content_type": 11, "object_id": "74", "object_repr": "Глеб Вячеславович Тиунов 74", "action_flag": 3, "change_message": ""}}, {"model": "admin.logentry", "pk": 105, "fields": {"action_time": "2022-07-25T17:17:29.439Z", "user": 1, "content_type": 11, "object_id": "73", "object_repr": "Nick Kekov 73", "action_flag": 3, "change_message": ""}}, {"model": "admin.logentry", "pk": 106, "fields": {"action_time": "2022-07-25T17:17:29.469Z", "user": 1, "content_type": 11, "object_id": "72", "object_repr": "Глеб Вячеславович Тиунов 72", "action_flag": 3, "change_message": ""}}, {"model": "admin.logentry", "pk": 107, "fields": {"action_time": "2022-07-25T17:17:29.499Z", "user": 1, "content_type": 11, "object_id": "71", "object_repr": "Глеб Вячеславович Тиунов 71", "action_flag": 3, "change_message": ""}}, {"model": "admin.logentry", "pk": 108, "fields": {"action_time": "2022-07-25T17:17:29.528Z", "user": 1, "content_type": 11, "object_id": "70", "object_repr": "Глеб Вячеславович Тиунов 70", "action_flag": 3, "change_message": ""}}, {"model": "admin.logentry", "pk": 109, "fields": {"action_time": "2022-07-25T17:17:29.559Z", "user": 1, "content_type": 11, "object_id": "69", "object_repr": "Глеб Вячеславович Тиунов 69", "action_flag": 3, "change_message": ""}}, {"model": "admin.logentry", "pk": 110, "fields": {"action_time": "2022-07-25T17:17:29.598Z", "user": 1, "content_type": 11, "object_id": "68", "object_repr": "Глеб Вячеславович Тиунов 68", "action_flag": 3, "change_message": ""}}, {"model": "admin.logentry", "pk": 111, "fields": {"action_time": "2022-07-25T17:17:29.630Z", "user": 1, "content_type": 11, "object_id": "67", "object_repr": "Глеб Вячеславович Тиунов 67", "action_flag": 3, "change_message": ""}}, {"model": "admin.logentry", "pk": 112, "fields": {"action_time": "2022-07-25T17:17:29.661Z", "user": 1, "content_type": 11, "object_id": "66", "object_repr": "Глеб Вячеславович Тиунов 66", "action_flag": 3, "change_message": ""}}, {"model": "admin.logentry", "pk": 113, "fields": {"action_time": "2022-07-25T17:17:29.700Z", "user": 1, "content_type": 11, "object_id": "65", "object_repr": "Глеб Вячеславович Тиунов 65", "action_flag": 3, "change_message": ""}}, {"model": "admin.logentry", "pk": 114, "fields": {"action_time": "2022-07-25T17:17:29.737Z", "user": 1, "content_type": 11, "object_id": "64", "object_repr": "Глеб Вячеславович Тиунов 64", "action_flag": 3, "change_message": ""}}, {"model": "admin.logentry", "pk": 115, "fields": {"action_time": "2022-07-25T17:17:29.766Z", "user": 1, "content_type": 11, "object_id": "63", "object_repr": "Глеб Debil 63", "action_flag": 3, "change_message": ""}}, {"model": "admin.logentry", "pk": 116, "fields": {"action_time": "2022-07-25T17:17:29.798Z", "user": 1, "content_type": 11, "object_id": "62", "object_repr": "Глеб Вячеславович Тиунов 62", "action_flag": 3, "change_message": ""}}, {"model": "admin.logentry", "pk": 117, "fields": {"action_time": "2022-07-25T17:17:29.829Z", "user": 1, "content_type": 11, "object_id": "61", "object_repr": "Глеб Вячеславович Тиунов 61", "action_flag": 3, "change_message": ""}}, {"model": "admin.logentry", "pk": 118, "fields": {"action_time": "2022-07-25T17:17:29.858Z", "user": 1, "content_type": 11, "object_id": "60", "object_repr": "Глеб G Тиунов 60", "action_flag": 3, "change_message": ""}}, {"model": "admin.logentry", "pk": 119, "fields": {"action_time": "2022-07-25T17:17:29.888Z", "user": 1, "content_type": 11, "object_id": "59", "object_repr": "Жоп Жопович Тиунов 59", "action_flag": 3, "change_message": ""}}, {"model": "admin.logentry", "pk": 120, "fields": {"action_time": "2022-07-25T17:17:29.919Z", "user": 1, "content_type": 11, "object_id": "58", "object_repr": "Глеб Вячеславович Тиунов 58", "action_flag": 3, "change_message": ""}}, {"model": "admin.logentry", "pk": 121, "fields": {"action_time": "2022-07-25T17:17:29.948Z", "user": 1, "content_type": 11, "object_id": "57", "object_repr": "Глеб Вячеславович Тиунов 57", "action_flag": 3, "change_message": ""}}, {"model": "admin.logentry", "pk": 122, "fields": {"action_time": "2022-07-25T17:17:29.979Z", "user": 1, "content_type": 11, "object_id": "56", "object_repr": "Глеб Вячеславович Тиунов 56", "action_flag": 3, "change_message": ""}}, {"model": "admin.logentry", "pk": 123, "fields": {"action_time": "2022-07-25T17:17:30.007Z", "user": 1, "content_type": 11, "object_id": "55", "object_repr": "Глеб Вячеславович Тиунов 55", "action_flag": 3, "change_message": ""}}, {"model": "admin.logentry", "pk": 124, "fields": {"action_time": "2022-07-25T17:17:30.035Z", "user": 1, "content_type": 11, "object_id": "54", "object_repr": "Глеб Вячеславович Тиунов 54", "action_flag": 3, "change_message": ""}}, {"model": "admin.logentry", "pk": 125, "fields": {"action_time": "2022-07-25T17:17:30.065Z", "user": 1, "content_type": 11, "object_id": "53", "object_repr": "Глеб Bringer 53", "action_flag": 3, "change_message": ""}}, {"model": "admin.logentry", "pk": 126, "fields": {"action_time": "2022-07-25T17:17:30.093Z", "user": 1, "content_type": 11, "object_id": "52", "object_repr": "Глеб Тиунов 52", "action_flag": 3, "change_message": ""}}, {"model": "admin.logentry", "pk": 127, "fields": {"action_time": "2022-07-25T17:17:30.123Z", "user": 1, "content_type": 11, "object_id": "40", "object_repr": "Василий Васильевич 40", "action_flag": 3, "change_message": ""}}, {"model": "admin.logentry", "pk": 128, "fields": {"action_time": "2022-07-25T17:17:30.154Z", "user": 1, "content_type": 11, "object_id": "39", "object_repr": "Ника Прокопченко 39", "action_flag": 3, "change_message": ""}}, {"model": "admin.logentry", "pk": 129, "fields": {"action_time": "2022-07-25T17:17:30.184Z", "user": 1, "content_type": 11, "object_id": "30", "object_repr": "Глеб Тиунов 30", "action_flag": 3, "change_message": ""}}, {"model": "admin.logentry", "pk": 130, "fields": {"action_time": "2022-07-25T17:18:31.096Z", "user": 1, "content_type": 11, "object_id": "80", "object_repr": "Глеб Тиунов 80", "action_flag": 2, "change_message": "[{\"changed\": {\"fields\": [\"\\u041a\\u043e\\u043c\\u043c\\u0435\\u043d\\u0442\\u0430\\u0440\\u0438\\u0439\", \"\\u0412\\u0440\\u0435\\u043c\\u044f \\u0437\\u0432\\u043e\\u043d\\u043a\\u0430\", \"\\u0421\\u043f\\u043e\\u0441\\u043e\\u0431 \\u043e\\u043f\\u043b\\u0430\\u0442\\u044b\"]}}, {\"changed\": {\"name\": \"ordering product\", \"object\": \"Beconizer\", \"fields\": [\"\\u0426\\u0435\\u043d\\u0430\"]}}, {\"changed\": {\"name\": \"ordering product\", \"object\": \"\\u0422\\u0440\\u043e\\u0439\\u043d\\u043e\\u0439 \\u0432\\u043e\\u043f\\u043f\\u0435\\u0440\", \"fields\": [\"\\u0426\\u0435\\u043d\\u0430\"]}}]"}}, {"model": "admin.logentry", "pk": 131, "fields": {"action_time": "2022-07-25T17:32:07.829Z", "user": 1, "content_type": 2, "object_id": "3", "object_repr": "CrustyCrabBurger", "action_flag": 1, "change_message": "[{\"added\": {}}]"}}, {"model": "admin.logentry", "pk": 132, "fields": {"action_time": "2022-07-25T17:32:31.882Z", "user": 1, "content_type": 1, "object_id": "2", "object_repr": "Тройной воппер", "action_flag": 2, "change_message": "[{\"added\": {\"name\": \"\\u043f\\u0443\\u043d\\u043a\\u0442 \\u043c\\u0435\\u043d\\u044e \\u0440\\u0435\\u0441\\u0442\\u043e\\u0440\\u0430\\u043d\\u0430\", \"object\": \"CrustyCrabBurger - \\u0422\\u0440\\u043e\\u0439\\u043d\\u043e\\u0439 \\u0432\\u043e\\u043f\\u043f\\u0435\\u0440\"}}]"}}, {"model": "admin.logentry", "pk": 133, "fields": {"action_time": "2022-07-25T17:32:41.368Z", "user": 1, "content_type": 1, "object_id": "2", "object_repr": "Тройной воппер", "action_flag": 2, "change_message": "[]"}}, {"model": "admin.logentry", "pk": 134, "fields": {"action_time": "2022-07-25T17:32:49.334Z", "user": 1, "content_type": 1, "object_id": "1", "object_repr": "Beconizer", "action_flag": 2, "change_message": "[{\"added\": {\"name\": \"\\u043f\\u0443\\u043d\\u043a\\u0442 \\u043c\\u0435\\u043d\\u044e \\u0440\\u0435\\u0441\\u0442\\u043e\\u0440\\u0430\\u043d\\u0430\", \"object\": \"CrustyCrabBurger - Beconizer\"}}]"}}, {"model": "admin.logentry", "pk": 135, "fields": {"action_time": "2022-07-25T18:24:05.211Z", "user": 1, "content_type": 11, "object_id": "81", "object_repr": "Ника Прокопченко 81", "action_flag": 2, "change_message": "[{\"changed\": {\"name\": \"ordering product\", \"object\": \"\\u0422\\u0440\\u043e\\u0439\\u043d\\u043e\\u0439 \\u0432\\u043e\\u043f\\u043f\\u0435\\u0440\", \"fields\": [\"\\u0426\\u0435\\u043d\\u0430\"]}}]"}}, {"model": "admin.logentry", "pk": 136, "fields": {"action_time": "2022-07-25T18:58:28.382Z", "user": 1, "content_type": 11, "object_id": "80", "object_repr": "Глеб Тиунов 80", "action_flag": 3, "change_message": ""}}, {"model": "admin.logentry", "pk": 137, "fields": {"action_time": "2022-07-26T12:44:48.355Z", "user": 1, "content_type": 11, "object_id": "81", "object_repr": "Ника Прокопченко 81", "action_flag": 2, "change_message": "[]"}}, {"model": "admin.logentry", "pk": 138, "fields": {"action_time": "2022-07-26T12:58:42.970Z", "user": 1, "content_type": 11, "object_id": "81", "object_repr": "Ника Прокопченко 81", "action_flag": 2, "change_message": "[{\"changed\": {\"fields\": [\"\\u0420\\u0435\\u0441\\u0442\\u043e\\u0440\\u0430\\u043d, \\u0433\\u043e\\u0442\\u043e\\u0432\\u044f\\u0449\\u0438\\u0439 \\u0437\\u0430\\u043a\\u0430\\u0437\"]}}]"}}, {"model": "admin.logentry", "pk": 139, "fields": {"action_time": "2022-07-26T12:59:00.466Z", "user": 1, "content_type": 11, "object_id": "81", "object_repr": "Ника Прокопченко 81", "action_flag": 2, "change_message": "[{\"changed\": {\"fields\": [\"\\u0421\\u0442\\u0430\\u0442\\u0443\\u0441\"]}}]"}}, {"model": "admin.logentry", "pk": 140, "fields": {"action_time": "2022-07-26T13:12:52.873Z", "user": 1, "content_type": 11, "object_id": "81", "object_repr": "Ника Прокопченко 81", "action_flag": 2, "change_message": "[]"}}, {"model": "admin.logentry", "pk": 141, "fields": {"action_time": "2022-07-26T13:29:33.924Z", "user": 1, "content_type": 11, "object_id": "81", "object_repr": "Ника Прокопченко 81", "action_flag": 2, "change_message": "[{\"changed\": {\"fields\": [\"\\u041a\\u043e\\u043c\\u043c\\u0435\\u043d\\u0442\\u0430\\u0440\\u0438\\u0439\"]}}]"}}, {"model": "admin.logentry", "pk": 142, "fields": {"action_time": "2022-07-26T13:40:30.892Z", "user": 1, "content_type": 11, "object_id": "81", "object_repr": "Ника Прокопченко 81", "action_flag": 2, "change_message": "[{\"changed\": {\"fields\": [\"\\u0420\\u0435\\u0441\\u0442\\u043e\\u0440\\u0430\\u043d, \\u0433\\u043e\\u0442\\u043e\\u0432\\u044f\\u0449\\u0438\\u0439 \\u0437\\u0430\\u043a\\u0430\\u0437\"]}}]"}}, {"model": "admin.logentry", "pk": 143, "fields": {"action_time": "2022-07-26T13:40:42.234Z", "user": 1, "content_type": 11, "object_id": "81", "object_repr": "Ника Прокопченко 81", "action_flag": 2, "change_message": "[{\"changed\": {\"fields\": [\"\\u0420\\u0435\\u0441\\u0442\\u043e\\u0440\\u0430\\u043d, \\u0433\\u043e\\u0442\\u043e\\u0432\\u044f\\u0449\\u0438\\u0439 \\u0437\\u0430\\u043a\\u0430\\u0437\"]}}]"}}, {"model": "admin.logentry", "pk": 144, "fields": {"action_time": "2022-07-26T13:53:32.133Z", "user": 1, "content_type": 11, "object_id": "81", "object_repr": "Ника Прокопченко 81", "action_flag": 2, "change_message": "[{\"changed\": {\"fields\": [\"\\u0421\\u043f\\u043e\\u0441\\u043e\\u0431 \\u043e\\u043f\\u043b\\u0430\\u0442\\u044b\"]}}]"}}, {"model": "admin.logentry", "pk": 145, "fields": {"action_time": "2022-07-28T13:25:43.554Z", "user": 1, "content_type": 2, "object_id": "3", "object_repr": "Star Burger Арбат", "action_flag": 2, "change_message": "[{\"changed\": {\"fields\": [\"\\u041d\\u0430\\u0437\\u0432\\u0430\\u043d\\u0438\\u0435\", \"\\u0410\\u0434\\u0440\\u0435\\u0441\", \"\\u041a\\u043e\\u043d\\u0442\\u0430\\u043a\\u0442\\u043d\\u044b\\u0439 \\u0442\\u0435\\u043b\\u0435\\u0444\\u043e\\u043d\"]}}]"}}, {"model": "admin.logentry", "pk": 146, "fields": {"action_time": "2022-07-28T13:26:12.231Z", "user": 1, "content_type": 2, "object_id": "2", "object_repr": "Star Burger Цветной", "action_flag": 2, "change_message": "[{\"changed\": {\"fields\": [\"\\u041d\\u0430\\u0437\\u0432\\u0430\\u043d\\u0438\\u0435\", \"\\u0410\\u0434\\u0440\\u0435\\u0441\", \"\\u041a\\u043e\\u043d\\u0442\\u0430\\u043a\\u0442\\u043d\\u044b\\u0439 \\u0442\\u0435\\u043b\\u0435\\u0444\\u043e\\u043d\"]}}]"}}, {"model": "admin.logentry", "pk": 147, "fields": {"action_time": "2022-07-28T13:26:33.612Z", "user": 1, "content_type": 2, "object_id": "1", "object_repr": "Star Burger Европейский", "action_flag": 2, "change_message": "[{\"changed\": {\"fields\": [\"\\u041d\\u0430\\u0437\\u0432\\u0430\\u043d\\u0438\\u0435\", \"\\u0410\\u0434\\u0440\\u0435\\u0441\", \"\\u041a\\u043e\\u043d\\u0442\\u0430\\u043a\\u0442\\u043d\\u044b\\u0439 \\u0442\\u0435\\u043b\\u0435\\u0444\\u043e\\u043d\"]}}]"}}, {"model": "admin.logentry", "pk": 148, "fields": {"action_time": "2022-07-28T13:32:16.182Z", "user": 1, "content_type": 1, "object_id": "3", "object_repr": "Стейкхаус", "action_flag": 2, "change_message": "[{\"changed\": {\"fields\": [\"\\u041d\\u0430\\u0437\\u0432\\u0430\\u043d\\u0438\\u0435\", \"\\u0426\\u0435\\u043d\\u0430\", \"\\u041e\\u043f\\u0438\\u0441\\u0430\\u043d\\u0438\\u0435\"]}}]"}}, {"model": "admin.logentry", "pk": 149, "fields": {"action_time": "2022-07-28T13:32:36.282Z", "user": 1, "content_type": 1, "object_id": "3", "object_repr": "Стейкхаус", "action_flag": 2, "change_message": "[]"}}, {"model": "admin.logentry", "pk": 150, "fields": {"action_time": "2022-07-28T13:45:55.922Z", "user": 1, "content_type": 1, "object_id": "2", "object_repr": "Лонг Чизбургер", "action_flag": 2, "change_message": "[{\"changed\": {\"fields\": [\"\\u041d\\u0430\\u0437\\u0432\\u0430\\u043d\\u0438\\u0435\", \"\\u041a\\u0430\\u0440\\u0442\\u0438\\u043d\\u043a\\u0430\", \"\\u0426\\u0435\\u043d\\u0430\"]}}]"}}, {"model": "admin.logentry", "pk": 151, "fields": {"action_time": "2022-07-28T13:46:22.894Z", "user": 1, "content_type": 1, "object_id": "1", "object_repr": "Беконайзер", "action_flag": 2, "change_message": "[{\"changed\": {\"fields\": [\"\\u041d\\u0430\\u0437\\u0432\\u0430\\u043d\\u0438\\u0435\", \"\\u0426\\u0435\\u043d\\u0430\", \"\\u041e\\u043f\\u0438\\u0441\\u0430\\u043d\\u0438\\u0435\"]}}]"}}, {"model": "admin.logentry", "pk": 152, "fields": {"action_time": "2022-07-28T13:46:58.959Z", "user": 1, "content_type": 1, "object_id": "4", "object_repr": "Тройной Воппер", "action_flag": 1, "change_message": "[{\"added\": {}}]"}}, {"model": "admin.logentry", "pk": 153, "fields": {"action_time": "2022-07-28T13:47:32.477Z", "user": 1, "content_type": 4, "object_id": "2", "object_repr": "Ролл", "action_flag": 1, "change_message": "[{\"added\": {}}]"}}, {"model": "admin.logentry", "pk": 154, "fields": {"action_time": "2022-07-28T13:48:07.600Z", "user": 1, "content_type": 1, "object_id": "5", "object_repr": "Фиш Ролл", "action_flag": 1, "change_message": "[{\"added\": {}}]"}}, {"model": "admin.logentry", "pk": 155, "fields": {"action_time": "2022-07-28T13:48:31.551Z", "user": 1, "content_type": 1, "object_id": "6", "object_repr": "Шримп Ролл", "action_flag": 1, "change_message": "[{\"added\": {}}]"}}, {"model": "admin.logentry", "pk": 156, "fields": {"action_time": "2022-07-28T13:49:37.551Z", "user": 1, "content_type": 1, "object_id": "6", "object_repr": "Шримп Ролл", "action_flag": 2, "change_message": "[{\"added\": {\"name\": \"\\u043f\\u0443\\u043d\\u043a\\u0442 \\u043c\\u0435\\u043d\\u044e \\u0440\\u0435\\u0441\\u0442\\u043e\\u0440\\u0430\\u043d\\u0430\", \"object\": \"Star Burger \\u0415\\u0432\\u0440\\u043e\\u043f\\u0435\\u0439\\u0441\\u043a\\u0438\\u0439 - \\u0428\\u0440\\u0438\\u043c\\u043f \\u0420\\u043e\\u043b\\u043b\"}}, {\"added\": {\"name\": \"\\u043f\\u0443\\u043d\\u043a\\u0442 \\u043c\\u0435\\u043d\\u044e \\u0440\\u0435\\u0441\\u0442\\u043e\\u0440\\u0430\\u043d\\u0430\", \"object\": \"Star Burger \\u0410\\u0440\\u0431\\u0430\\u0442 - \\u0428\\u0440\\u0438\\u043c\\u043f \\u0420\\u043e\\u043b\\u043b\"}}]"}}, {"model": "admin.logentry", "pk": 157, "fields": {"action_time": "2022-07-28T13:49:52.844Z", "user": 1, "content_type": 1, "object_id": "5", "object_repr": "Фиш Ролл", "action_flag": 2, "change_message": "[{\"added\": {\"name\": \"\\u043f\\u0443\\u043d\\u043a\\u0442 \\u043c\\u0435\\u043d\\u044e \\u0440\\u0435\\u0441\\u0442\\u043e\\u0440\\u0430\\u043d\\u0430\", \"object\": \"Star Burger \\u0426\\u0432\\u0435\\u0442\\u043d\\u043e\\u0439 - \\u0424\\u0438\\u0448 \\u0420\\u043e\\u043b\\u043b\"}}, {\"added\": {\"name\": \"\\u043f\\u0443\\u043d\\u043a\\u0442 \\u043c\\u0435\\u043d\\u044e \\u0440\\u0435\\u0441\\u0442\\u043e\\u0440\\u0430\\u043d\\u0430\", \"object\": \"Star Burger \\u0415\\u0432\\u0440\\u043e\\u043f\\u0435\\u0439\\u0441\\u043a\\u0438\\u0439 - \\u0424\\u0438\\u0448 \\u0420\\u043e\\u043b\\u043b\"}}, {\"added\": {\"name\": \"\\u043f\\u0443\\u043d\\u043a\\u0442 \\u043c\\u0435\\u043d\\u044e \\u0440\\u0435\\u0441\\u0442\\u043e\\u0440\\u0430\\u043d\\u0430\", \"object\": \"Star Burger \\u0410\\u0440\\u0431\\u0430\\u0442 - \\u0424\\u0438\\u0448 \\u0420\\u043e\\u043b\\u043b\"}}]"}}, {"model": "admin.logentry", "pk": 158, "fields": {"action_time": "2022-07-28T13:50:06.199Z", "user": 1, "content_type": 1, "object_id": "4", "object_repr": "Тройной Воппер", "action_flag": 2, "change_message": "[{\"added\": {\"name\": \"\\u043f\\u0443\\u043d\\u043a\\u0442 \\u043c\\u0435\\u043d\\u044e \\u0440\\u0435\\u0441\\u0442\\u043e\\u0440\\u0430\\u043d\\u0430\", \"object\": \"Star Burger \\u0410\\u0440\\u0431\\u0430\\u0442 - \\u0422\\u0440\\u043e\\u0439\\u043d\\u043e\\u0439 \\u0412\\u043e\\u043f\\u043f\\u0435\\u0440\"}}, {\"added\": {\"name\": \"\\u043f\\u0443\\u043d\\u043a\\u0442 \\u043c\\u0435\\u043d\\u044e \\u0440\\u0435\\u0441\\u0442\\u043e\\u0440\\u0430\\u043d\\u0430\", \"object\": \"Star Burger \\u0426\\u0432\\u0435\\u0442\\u043d\\u043e\\u0439 - \\u0422\\u0440\\u043e\\u0439\\u043d\\u043e\\u0439 \\u0412\\u043e\\u043f\\u043f\\u0435\\u0440\"}}, {\"added\": {\"name\": \"\\u043f\\u0443\\u043d\\u043a\\u0442 \\u043c\\u0435\\u043d\\u044e \\u0440\\u0435\\u0441\\u0442\\u043e\\u0440\\u0430\\u043d\\u0430\", \"object\": \"Star Burger \\u0415\\u0432\\u0440\\u043e\\u043f\\u0435\\u0439\\u0441\\u043a\\u0438\\u0439 - \\u0422\\u0440\\u043e\\u0439\\u043d\\u043e\\u0439 \\u0412\\u043e\\u043f\\u043f\\u0435\\u0440\"}}]"}}, {"model": "admin.logentry", "pk": 159, "fields": {"action_time": "2022-07-28T13:50:27.024Z", "user": 1, "content_type": 1, "object_id": "3", "object_repr": "Стейкхаус", "action_flag": 2, "change_message": "[{\"deleted\": {\"name\": \"\\u043f\\u0443\\u043d\\u043a\\u0442 \\u043c\\u0435\\u043d\\u044e \\u0440\\u0435\\u0441\\u0442\\u043e\\u0440\\u0430\\u043d\\u0430\", \"object\": \"Star Burger \\u0426\\u0432\\u0435\\u0442\\u043d\\u043e\\u0439 - \\u0421\\u0442\\u0435\\u0439\\u043a\\u0445\\u0430\\u0443\\u0441\"}}]"}}, {"model": "admin.logentry", "pk": 160, "fields": {"action_time": "2022-07-28T13:50:33.793Z", "user": 1, "content_type": 1, "object_id": "3", "object_repr": "Стейкхаус", "action_flag": 2, "change_message": "[]"}}, {"model": "admin.logentry", "pk": 161, "fields": {"action_time": "2022-07-28T13:50:41.258Z", "user": 1, "content_type": 1, "object_id": "2", "object_repr": "Лонг Чизбургер", "action_flag": 2, "change_message": "[]"}}, {"model": "admin.logentry", "pk": 162, "fields": {"action_time": "2022-07-28T13:50:54.103Z", "user": 1, "content_type": 1, "object_id": "1", "object_repr": "Беконайзер", "action_flag": 2, "change_message": "[]"}}, {"model": "admin.logentry", "pk": 163, "fields": {"action_time": "2022-07-28T13:53:18.630Z", "user": 1, "content_type": 11, "object_id": "82", "object_repr": "Глеб Вячеславович Тиунов 82", "action_flag": 2, "change_message": "[{\"changed\": {\"fields\": [\"\\u0421\\u0442\\u0430\\u0442\\u0443\\u0441\", \"\\u0421\\u043f\\u043e\\u0441\\u043e\\u0431 \\u043e\\u043f\\u043b\\u0430\\u0442\\u044b\", \"\\u0420\\u0435\\u0441\\u0442\\u043e\\u0440\\u0430\\u043d, \\u0433\\u043e\\u0442\\u043e\\u0432\\u044f\\u0449\\u0438\\u0439 \\u0437\\u0430\\u043a\\u0430\\u0437\"]}}, {\"changed\": {\"name\": \"ordering product\", \"object\": \"\\u0428\\u0440\\u0438\\u043c\\u043f \\u0420\\u043e\\u043b\\u043b\", \"fields\": [\"\\u0426\\u0435\\u043d\\u0430\"]}}, {\"changed\": {\"name\": \"ordering product\", \"object\": \"\\u0422\\u0440\\u043e\\u0439\\u043d\\u043e\\u0439 \\u0412\\u043e\\u043f\\u043f\\u0435\\u0440\", \"fields\": [\"\\u0426\\u0435\\u043d\\u0430\"]}}, {\"changed\": {\"name\": \"ordering product\", \"object\": \"\\u0421\\u0442\\u0435\\u0439\\u043a\\u0445\\u0430\\u0443\\u0441\", \"fields\": [\"\\u0426\\u0435\\u043d\\u0430\"]}}]"}}, {"model": "admin.logentry", "pk": 164, "fields": {"action_time": "2022-07-29T10:38:38.870Z", "user": 1, "content_type": 11, "object_id": "83", "object_repr": "Глеб Вяч Тиунов 83", "action_flag": 2, "change_message": "[{\"changed\": {\"fields\": [\"\\u0421\\u0442\\u0430\\u0442\\u0443\\u0441\", \"\\u041a\\u043e\\u043c\\u043c\\u0435\\u043d\\u0442\\u0430\\u0440\\u0438\\u0439\", \"\\u0421\\u043f\\u043e\\u0441\\u043e\\u0431 \\u043e\\u043f\\u043b\\u0430\\u0442\\u044b\", \"\\u0420\\u0435\\u0441\\u0442\\u043e\\u0440\\u0430\\u043d, \\u0433\\u043e\\u0442\\u043e\\u0432\\u044f\\u0449\\u0438\\u0439 \\u0437\\u0430\\u043a\\u0430\\u0437\"]}}, {\"changed\": {\"name\": \"ordering product\", \"object\": \"\\u0411\\u0435\\u043a\\u043e\\u043d\\u0430\\u0439\\u0437\\u0435\\u0440\", \"fields\": [\"\\u0426\\u0435\\u043d\\u0430\"]}}]"}}, {"model": "admin.logentry", "pk": 165, "fields": {"action_time": "2022-08-01T15:22:33.730Z", "user": 1, "content_type": 11, "object_id": "86", "object_repr": "Глеб Вячеславович Тиунов 86", "action_flag": 3, "change_message": ""}}, {"model": "admin.logentry", "pk": 166, "fields": {"action_time": "2022-08-01T15:22:33.768Z", "user": 1, "content_type": 11, "object_id": "85", "object_repr": "Глеб Вячеславович Тиунов 85", "action_flag": 3, "change_message": ""}}, {"model": "admin.logentry", "pk": 167, "fields": {"action_time": "2022-08-01T15:22:33.803Z", "user": 1, "content_type": 11, "object_id": "84", "object_repr": "Glenn Trampampam 84", "action_flag": 3, "change_message": ""}}, {"model": "admin.logentry", "pk": 168, "fields": {"action_time": "2022-08-01T15:22:33.837Z", "user": 1, "content_type": 11, "object_id": "83", "object_repr": "Глеб Вяч Тиунов 83", "action_flag": 3, "change_message": ""}}, {"model": "admin.logentry", "pk": 169, "fields": {"action_time": "2022-08-01T15:22:33.872Z", "user": 1, "content_type": 11, "object_id": "82", "object_repr": "Глеб Вячеславович Тиунов 82", "action_flag": 3, "change_message": ""}}, {"model": "admin.logentry", "pk": 170, "fields": {"action_time": "2022-08-01T15:22:33.904Z", "user": 1, "content_type": 11, "object_id": "81", "object_repr": "Ника Прокопченко 81", "action_flag": 3, "change_message": ""}}, {"model": "admin.logentry", "pk": 171, "fields": {"action_time": "2022-08-21T13:55:33.779Z", "user": 1, "content_type": 11, "object_id": "87", "object_repr": "Глеб Вячеславович Тиунов 87", "action_flag": 2, "change_message": "[{\"changed\": {\"fields\": [\"\\u0421\\u043f\\u043e\\u0441\\u043e\\u0431 \\u043e\\u043f\\u043b\\u0430\\u0442\\u044b\", \"\\u0420\\u0435\\u0441\\u0442\\u043e\\u0440\\u0430\\u043d, \\u0433\\u043e\\u0442\\u043e\\u0432\\u044f\\u0449\\u0438\\u0439 \\u0437\\u0430\\u043a\\u0430\\u0437\"]}}]"}}, {"model": "admin.logentry", "pk": 172, "fields": {"action_time": "2022-08-22T23:07:12.387Z", "user": 1, "content_type": 11, "object_id": "87", "object_repr": "Глеб Вячеславович Тиунов 87", "action_flag": 2, "change_message": "[]"}}, {"model": "admin.logentry", "pk": 173, "fields": {"action_time": "2022-08-22T23:08:50.086Z", "user": 1, "content_type": 11, "object_id": "88", "object_repr": "Глеб Вячеславович Тиунов 88", "action_flag": 2, "change_message": "[]"}}, {"model": "admin.logentry", "pk": 174, "fields": {"action_time": "2022-08-22T23:09:29.284Z", "user": 1, "content_type": 11, "object_id": "88", "object_repr": "Глеб Вячеславович Тиунов 88", "action_flag": 2, "change_message": "[]"}}, {"model": "admin.logentry", "pk": 175, "fields": {"action_time": "2022-08-22T23:09:54.980Z", "user": 1, "content_type": 11, "object_id": "88", "object_repr": "Глеб Вячеславович Тиунов 88", "action_flag": 2, "change_message": "[]"}}, {"model": "admin.logentry", "pk": 176, "fields": {"action_time": "2022-08-22T23:10:10.443Z", "user": 1, "content_type": 11, "object_id": "87", "object_repr": "Глеб Вячеславович Тиунов 87", "action_flag": 2, "change_message": "[{\"changed\": {\"name\": \"ordering product\", \"object\": \"\\u0421\\u0442\\u0435\\u0439\\u043a\\u0445\\u0430\\u0443\\u0441\", \"fields\": [\"\\u0426\\u0435\\u043d\\u0430\"]}}]"}}, {"model": "admin.logentry", "pk": 177, "fields": {"action_time": "2022-08-24T12:35:36.611Z", "user": 1, "content_type": 11, "object_id": "88", "object_repr": "Глеб Вячеславович Тиунов 88", "action_flag": 2, "change_message": "[]"}}, {"model": "admin.logentry", "pk": 178, "fields": {"action_time": "2022-08-24T12:44:51.383Z", "user": 1, "content_type": 11, "object_id": "88", "object_repr": "Глеб Вячеславович Тиунов 88", "action_flag": 2, "change_message": "[]"}}, {"model": "admin.logentry", "pk": 179, "fields": {"action_time": "2022-08-24T12:45:05.554Z", "user": 1, "content_type": 11, "object_id": "88", "object_repr": "Глеб Вячеславович Тиунов 88", "action_flag": 2, "change_message": "[{\"changed\": {\"name\": \"ordering product\", \"object\": \"\\u0421\\u0442\\u0435\\u0439\\u043a\\u0445\\u0430\\u0443\\u0441\", \"fields\": [\"\\u0426\\u0435\\u043d\\u0430\"]}}, {\"changed\": {\"name\": \"ordering product\", \"object\": \"\\u0428\\u0440\\u0438\\u043c\\u043f \\u0420\\u043e\\u043b\\u043b\", \"fields\": [\"\\u0426\\u0435\\u043d\\u0430\"]}}]"}}, {"model": "admin.logentry", "pk": 180, "fields": {"action_time": "2022-08-24T12:45:27.053Z", "user": 1, "content_type": 11, "object_id": "88", "object_repr": "Глеб Вячеславович Тиунов 88", "action_flag": 2, "change_message": "[]"}}, {"model": "admin.logentry", "pk": 181, "fields": {"action_time": "2022-08-24T12:45:36.758Z", "user": 1, "content_type": 11, "object_id": "88", "object_repr": "Глеб Вячеславович Тиунов 88", "action_flag": 2, "change_message": "[{\"changed\": {\"name\": \"ordering product\", \"object\": \"\\u0421\\u0442\\u0435\\u0439\\u043a\\u0445\\u0430\\u0443\\u0441\", \"fields\": [\"\\u0426\\u0435\\u043d\\u0430\"]}}, {\"changed\": {\"name\": \"ordering product\", \"object\": \"\\u0428\\u0440\\u0438\\u043c\\u043f \\u0420\\u043e\\u043b\\u043b\", \"fields\": [\"\\u0426\\u0435\\u043d\\u0430\"]}}]"}}, {"model": "admin.logentry", "pk": 182, "fields": {"action_time": "2022-08-24T12:45:58.267Z", "user": 1, "content_type": 11, "object_id": "87", "object_repr": "Глеб Вячеславович Тиунов 87", "action_flag": 2, "change_message": "[{\"changed\": {\"name\": \"ordering product\", \"object\": \"\\u0422\\u0440\\u043e\\u0439\\u043d\\u043e\\u0439 \\u0412\\u043e\\u043f\\u043f\\u0435\\u0440\", \"fields\": [\"\\u0426\\u0435\\u043d\\u0430\"]}}]"}}, {"model": "admin.logentry", "pk": 183, "fields": {"action_time": "2022-08-25T13:44:41.342Z", "user": 1, "content_type": 13, "object_id": "6", "object_repr": "пер. Геологов дом 6", "action_flag": 3, "change_message": ""}}, {"model": "admin.logentry", "pk": 184, "fields": {"action_time": "2022-08-25T13:44:41.376Z", "user": 1, "content_type": 13, "object_id": "1", "object_repr": "пер. Геологов дом 6", "action_flag": 3, "change_message": ""}}, {"model": "admin.logentry", "pk": 185, "fields": {"action_time": "2022-08-25T13:49:35.609Z", "user": 1, "content_type": 11, "object_id": "90", "object_repr": "Глеб V Тиунов 90", "action_flag": 2, "change_message": "[{\"changed\": {\"fields\": [\"\\u0421\\u0442\\u0430\\u0442\\u0443\\u0441\", \"\\u0421\\u043f\\u043e\\u0441\\u043e\\u0431 \\u043e\\u043f\\u043b\\u0430\\u0442\\u044b\", \"\\u0420\\u0435\\u0441\\u0442\\u043e\\u0440\\u0430\\u043d, \\u0433\\u043e\\u0442\\u043e\\u0432\\u044f\\u0449\\u0438\\u0439 \\u0437\\u0430\\u043a\\u0430\\u0437\"]}}]"}}, {"model": "admin.logentry", "pk": 186, "fields": {"action_time": "2022-08-25T14:14:14.126Z", "user": 1, "content_type": 11, "object_id": "91", "object_repr": "Глеб Вячеславович Тиунов 91", "action_flag": 2, "change_message": "[{\"changed\": {\"fields\": [\"\\u0421\\u0442\\u0430\\u0442\\u0443\\u0441\", \"\\u0421\\u043f\\u043e\\u0441\\u043e\\u0431 \\u043e\\u043f\\u043b\\u0430\\u0442\\u044b\", \"\\u0420\\u0435\\u0441\\u0442\\u043e\\u0440\\u0430\\u043d, \\u0433\\u043e\\u0442\\u043e\\u0432\\u044f\\u0449\\u0438\\u0439 \\u0437\\u0430\\u043a\\u0430\\u0437\"]}}]"}}, {"model": "admin.logentry", "pk": 187, "fields": {"action_time": "2022-09-20T10:38:42.078Z", "user": 1, "content_type": 11, "object_id": "89", "object_repr": "Gleb Tiunov 89", "action_flag": 2, "change_message": "[]"}}, {"model": "admin.logentry", "pk": 188, "fields": {"action_time": "2022-12-09T23:57:57.025Z", "user": 1, "content_type": 11, "object_id": "89", "object_repr": "Gleb Tiunov 89", "action_flag": 2, "change_message": "[{\"changed\": {\"fields\": [\"\\u0421\\u0442\\u0430\\u0442\\u0443\\u0441\"]}}]"}}, {"model": "admin.logentry", "pk": 189, "fields": {"action_time": "2022-12-14T00:38:35.543Z", "user": 1, "content_type": 11, "object_id": "87", "object_repr": "Глеб Вячеславович Тиунов 87", "action_flag": 2, "change_message": "[]"}}, {"model": "auth.permission", "pk": 1, "fields": {"name": "Can add товар", "content_type": 1, "codename": "add_product"}}, {"model": "auth.permission", "pk": 2, "fields": {"name": "Can change товар", "content_type": 1, "codename": "change_product"}}, {"model": "auth.permission", "pk": 3, "fields": {"name": "Can delete товар", "content_type": 1, "codename": "delete_product"}}, {"model": "auth.permission", "pk": 4, "fields": {"name": "Can view товар", "content_type": 1, "codename": "view_product"}}, {"model": "auth.permission", "pk": 5, "fields": {"name": "Can add ресторан", "content_type": 2, "codename": "add_restaurant"}}, {"model": "auth.permission", "pk": 6, "fields": {"name": "Can change ресторан", "content_type": 2, "codename": "change_restaurant"}}, {"model": "auth.permission", "pk": 7, "fields": {"name": "Can delete ресторан", "content_type": 2, "codename": "delete_restaurant"}}, {"model": "auth.permission", "pk": 8, "fields": {"name": "Can view ресторан", "content_type": 2, "codename": "view_restaurant"}}, {"model": "auth.permission", "pk": 9, "fields": {"name": "Can add пункт меню ресторана", "content_type": 3, "codename": "add_restaurantmenuitem"}}, {"model": "auth.permission", "pk": 10, "fields": {"name": "Can change пункт меню ресторана", "content_type": 3, "codename": "change_restaurantmenuitem"}}, {"model": "auth.permission", "pk": 11, "fields": {"name": "Can delete пункт меню ресторана", "content_type": 3, "codename": "delete_restaurantmenuitem"}}, {"model": "auth.permission", "pk": 12, "fields": {"name": "Can view пункт меню ресторана", "content_type": 3, "codename": "view_restaurantmenuitem"}}, {"model": "auth.permission", "pk": 13, "fields": {"name": "Can add категория", "content_type": 4, "codename": "add_productcategory"}}, {"model": "auth.permission", "pk": 14, "fields": {"name": "Can change категория", "content_type": 4, "codename": "change_productcategory"}}, {"model": "auth.permission", "pk": 15, "fields": {"name": "Can delete категория", "content_type": 4, "codename": "delete_productcategory"}}, {"model": "auth.permission", "pk": 16, "fields": {"name": "Can view категория", "content_type": 4, "codename": "view_productcategory"}}, {"model": "auth.permission", "pk": 17, "fields": {"name": "Can add log entry", "content_type": 5, "codename": "add_logentry"}}, {"model": "auth.permission", "pk": 18, "fields": {"name": "Can change log entry", "content_type": 5, "codename": "change_logentry"}}, {"model": "auth.permission", "pk": 19, "fields": {"name": "Can delete log entry", "content_type": 5, "codename": "delete_logentry"}}, {"model": "auth.permission", "pk": 20, "fields": {"name": "Can view log entry", "content_type": 5, "codename": "view_logentry"}}, {"model": "auth.permission", "pk": 21, "fields": {"name": "Can add permission", "content_type": 6, "codename": "add_permission"}}, {"model": "auth.permission", "pk": 22, "fields": {"name": "Can change permission", "content_type": 6, "codename": "change_permission"}}, {"model": "auth.permission", "pk": 23, "fields": {"name": "Can delete permission", "content_type": 6, "codename": "delete_permission"}}, {"model": "auth.permission", "pk": 24, "fields": {"name": "Can view permission", "content_type": 6, "codename": "view_permission"}}, {"model": "auth.permission", "pk": 25, "fields": {"name": "Can add group", "content_type": 7, "codename": "add_group"}}, {"model": "auth.permission", "pk": 26, "fields": {"name": "Can change group", "content_type": 7, "codename": "change_group"}}, {"model": "auth.permission", "pk": 27, "fields": {"name": "Can delete group", "content_type": 7, "codename": "delete_group"}}, {"model": "auth.permission", "pk": 28, "fields": {"name": "Can view group", "content_type": 7, "codename": "view_group"}}, {"model": "auth.permission", "pk": 29, "fields": {"name": "Can add user", "content_type": 8, "codename": "add_user"}}, {"model": "auth.permission", "pk": 30, "fields": {"name": "Can change user", "content_type": 8, "codename": "change_user"}}, {"model": "auth.permission", "pk": 31, "fields": {"name": "Can delete user", "content_type": 8, "codename": "delete_user"}}, {"model": "auth.permission", "pk": 32, "fields": {"name": "Can view user", "content_type": 8, "codename": "view_user"}}, {"model": "auth.permission", "pk": 33, "fields": {"name": "Can add content type", "content_type": 9, "codename": "add_contenttype"}}, {"model": "auth.permission", "pk": 34, "fields": {"name": "Can change content type", "content_type": 9, "codename": "change_contenttype"}}, {"model": "auth.permission", "pk": 35, "fields": {"name": "Can delete content type", "content_type": 9, "codename": "delete_contenttype"}}, {"model": "auth.permission", "pk": 36, "fields": {"name": "Can view content type", "content_type": 9, "codename": "view_contenttype"}}, {"model": "auth.permission", "pk": 37, "fields": {"name": "Can add session", "content_type": 10, "codename": "add_session"}}, {"model": "auth.permission", "pk": 38, "fields": {"name": "Can change session", "content_type": 10, "codename": "change_session"}}, {"model": "auth.permission", "pk": 39, "fields": {"name": "Can delete session", "content_type": 10, "codename": "delete_session"}}, {"model": "auth.permission", "pk": 40, "fields": {"name": "Can view session", "content_type": 10, "codename": "view_session"}}, {"model": "auth.permission", "pk": 41, "fields": {"name": "Can add order", "content_type": 11, "codename": "add_order"}}, {"model": "auth.permission", "pk": 42, "fields": {"name": "Can change order", "content_type": 11, "codename": "change_order"}}, {"model": "auth.permission", "pk": 43, "fields": {"name": "Can delete order", "content_type": 11, "codename": "delete_order"}}, {"model": "auth.permission", "pk": 44, "fields": {"name": "Can view order", "content_type": 11, "codename": "view_order"}}, {"model": "auth.permission", "pk": 45, "fields": {"name": "Can add ordering product", "content_type": 12, "codename": "add_orderingproduct"}}, {"model": "auth.permission", "pk": 46, "fields": {"name": "Can change ordering product", "content_type": 12, "codename": "change_orderingproduct"}}, {"model": "auth.permission", "pk": 47, "fields": {"name": "Can delete ordering product", "content_type": 12, "codename": "delete_orderingproduct"}}, {"model": "auth.permission", "pk": 48, "fields": {"name": "Can view ordering product", "content_type": 12, "codename": "view_orderingproduct"}}, {"model": "auth.permission", "pk": 49, "fields": {"name": "Can add geo location", "content_type": 13, "codename": "add_geolocation"}}, {"model": "auth.permission", "pk": 50, "fields": {"name": "Can change geo location", "content_type": 13, "codename": "change_geolocation"}}, {"model": "auth.permission", "pk": 51, "fields": {"name": "Can delete geo location", "content_type": 13, "codename": "delete_geolocation"}}, {"model": "auth.permission", "pk": 52, "fields": {"name": "Can view geo location", "content_type": 13, "codename": "view_geolocation"}}, {"model": "auth.user", "pk": 1, "fields": {"password": "pbkdf2_sha256$260000$gDQPDZWEWr1V7tcqYY7n5g$uIjQ28SulcQdCkIZas1ugDsfshnzr99u2Jgw+CNhLvE=", "last_login": "2023-01-05T21:17:54.522Z", "is_superuser": true, "username": "admin", "first_name": "", "last_name": "", "email": "gleb11tiun@mail.ru", "is_staff": true, "is_active": true, "date_joined": "2022-07-06T22:52:37.798Z", "groups": [], "user_permissions": []}}, {"model": "contenttypes.contenttype", "pk": 1, "fields": {"app_label": "foodcartapp", "model": "product"}}, {"model": "contenttypes.contenttype", "pk": 2, "fields": {"app_label": "foodcartapp", "model": "restaurant"}}, {"model": "contenttypes.contenttype", "pk": 3, "fields": {"app_label": "foodcartapp", "model": "restaurantmenuitem"}}, {"model": "contenttypes.contenttype", "pk": 4, "fields": {"app_label": "foodcartapp", "model": "productcategory"}}, {"model": "contenttypes.contenttype", "pk": 5, "fields": {"app_label": "admin", "model": "logentry"}}, {"model": "contenttypes.contenttype", "pk": 6, "fields": {"app_label": "auth", "model": "permission"}}, {"model": "contenttypes.contenttype", "pk": 7, "fields": {"app_label": "auth", "model": "group"}}, {"model": "contenttypes.contenttype", "pk": 8, "fields": {"app_label": "auth", "model": "user"}}, {"model": "contenttypes.contenttype", "pk": 9, "fields": {"app_label": "contenttypes", "model": "contenttype"}}, {"model": "contenttypes.contenttype", "pk": 10, "fields": {"app_label": "sessions", "model": "session"}}, {"model": "contenttypes.contenttype", "pk": 11, "fields": {"app_label": "foodcartapp", "model": "order"}}, {"model": "contenttypes.contenttype", "pk": 12, "fields": {"app_label": "foodcartapp", "model": "orderingproduct"}}, {"model": "contenttypes.contenttype", "pk": 13, "fields": {"app_label": "geo_location", "model": "geolocation"}}, {"model": "sessions.session", "pk": "5dyb0fu6r0uupxzkjrwss5c0m597bu76", "fields": {"session_data": ".eJxVjEsOAiEQBe_C2hBQfu3SvWcgTdPIqIFkmFkZ766TzEK3r6reS0RclxrXwXOcsjgLLQ6_W0J6cNtAvmO7dUm9LfOU5KbInQ557Zmfl939O6g46rdO3hUIVitNTrM31tiTAgUYlC86O0dQ3NEgGQjeYaJAXjGUwJAYjBbvD7jINzk:1oQGTe:tmp8i2v6tV8p3vc0Gt5m3tdQxwSYnWPpqMnpdSm4gh8", "expire_date": "2022-09-05T23:05:02.786Z"}}, {"model": "sessions.session", "pk": "8fop8xtnf54a5cseil5u3jtkvbqj5xui", "fields": {"session_data": ".eJxVjEsOAiEQBe_C2hBQfu3SvWcgTdPIqIFkmFkZ766TzEK3r6reS0RclxrXwXOcsjgLLQ6_W0J6cNtAvmO7dUm9LfOU5KbInQ557Zmfl939O6g46rdO3hUIVitNTrM31tiTAgUYlC86O0dQ3NEgGQjeYaJAXjGUwJAYjBbvD7jINzk:1oPjee:sOCtGjRYRIUankf3KRRZZ49I07qTdDtFX2L_x8IvcTs", "expire_date": "2022-09-04T12:02:12.020Z"}}, {"model": "sessions.session", "pk": "f78ix8bkwghs86ezgufmpd96s8x40whb", "fields": {"session_data": ".eJxVjEsOAiEQBe_C2hBQfu3SvWcgTdPIqIFkmFkZ766TzEK3r6reS0RclxrXwXOcsjgLLQ6_W0J6cNtAvmO7dUm9LfOU5KbInQ557Zmfl939O6g46rdO3hUIVitNTrM31tiTAgUYlC86O0dQ3NEgGQjeYaJAXjGUwJAYjBbvD7jINzk:1oEqQx:H4k6UxelItH_AoJmP5w_3fDpbf3ku7wi6kJCL2Q19r4", "expire_date": "2022-08-05T11:03:03.191Z"}}, {"model": "sessions.session", "pk": "gcykswin32p3decv9o6wown4xabvbbjb", "fields": {"session_data": ".eJxVjEsOAiEQBe_C2hBQfu3SvWcgTdPIqIFkmFkZ766TzEK3r6reS0RclxrXwXOcsjgLLQ6_W0J6cNtAvmO7dUm9LfOU5KbInQ557Zmfl939O6g46rdO3hUIVitNTrM31tiTAgUYlC86O0dQ3NEgGQjeYaJAXjGUwJAYjBbvD7jINzk:1p2K6V:YpbfevAnsdyuyFJJKcY7yzkVEQxydNGmiFV5GM2MB4U", "expire_date": "2022-12-19T22:38:27.050Z"}}, {"model": "sessions.session", "pk": "mkcn8964h7lgntmayzmaha2knmtlitl3", "fields": {"session_data": ".eJxVjEsOAiEQBe_C2hBQfu3SvWcgTdPIqIFkmFkZ766TzEK3r6reS0RclxrXwXOcsjgLLQ6_W0J6cNtAvmO7dUm9LfOU5KbInQ557Zmfl939O6g46rdO3hUIVitNTrM31tiTAgUYlC86O0dQ3NEgGQjeYaJAXjGUwJAYjBbvD7jINzk:1o9DtT:c1568I-GTImo9qkJLlws5q0VFe--O-wkzJLMcbsTvyU", "expire_date": "2022-07-20T22:53:15.701Z"}}, {"model": "sessions.session", "pk": "n4kaa49c562hkwduzpqk6udsudbu4max", "fields": {"session_data": ".eJxVjEsOAiEQBe_C2hBQfu3SvWcgTdPIqIFkmFkZ766TzEK3r6reS0RclxrXwXOcsjgLLQ6_W0J6cNtAvmO7dUm9LfOU5KbInQ557Zmfl939O6g46rdO3hUIVitNTrM31tiTAgUYlC86O0dQ3NEgGQjeYaJAXjGUwJAYjBbvD7jINzk:1pAGdQ:0OgBX_sJyNNb2ZjPAStIuSptGvORG3tbgKiJSb-7iAU", "expire_date": "2023-01-10T20:33:16.831Z"}}, {"model": "sessions.session", "pk": "qphwk9e3mygf5em5mo6thgn0k6fs4hjj", "fields": {"session_data": ".eJxVjEsOAiEQBe_C2hBQfu3SvWcgTdPIqIFkmFkZ766TzEK3r6reS0RclxrXwXOcsjgLLQ6_W0J6cNtAvmO7dUm9LfOU5KbInQ557Zmfl939O6g46rdO3hUIVitNTrM31tiTAgUYlC86O0dQ3NEgGQjeYaJAXjGUwJAYjBbvD7jINzk:1oYnB4:WB6ocfmL0Nw1eH-bA1L6bskIRglrr55TWAtdKoLDfGY", "expire_date": "2022-09-29T11:37:06.628Z"}}, {"model": "sessions.session", "pk": "zfpou00oexfzetk0uv2xunj8ga7plqi5", "fields": {"session_data": ".eJxVjEsOAiEQBe_C2hBQfu3SvWcgTdPIqIFkmFkZ766TzEK3r6reS0RclxrXwXOcsjgLLQ6_W0J6cNtAvmO7dUm9LfOU5KbInQ557Zmfl939O6g46rdO3hUIVitNTrM31tiTAgUYlC86O0dQ3NEgGQjeYaJAXjGUwJAYjBbvD7jINzk:1pDXcY:ho02bCwgLy3GxJxFXOHJlbuIRPPdJfFp3yxZbPfY0rg", "expire_date": "2023-01-19T21:17:54.532Z"}}]